2026/09/04 05:20:49.607, 0, 0 %, 0 MiB
2026/09/04 05:20:51.853, 0, 0 %, 4 MiB
2026/09/04 05:20:53.891, 0, 0 %, 0 MiB
2026/09/04 05:20:55.920, 0, 0 %, 0 MiB
2026/09/04 05:20:58.173, 0, 0 %, 4 MiB
2026/09/04 05:21:00.208, 0, 0 %, 0 MiB
2026/09/04 05:21:02.238, 0, 0 %, 0 MiB
2026/09/04 05:21:04.269, 0, 0 %, 0 MiB
2026/09/04 05:21:06.300, 0, 0 %, 0 MiB
2026/09/04 05:21:08.335, 0, 0 %, 4 MiB
2026/09/04 05:21:10.401, 0, 0 %, 0 MiB
2026/09/04 05:21:12.434, 0, 0 %, 0 MiB
2026/09/04 05:21:14.466, 0, 0 %, 0 MiB
2026/09/04 05:21:16.495, 0, 0 %, 0 MiB
2026/09/04 05:21:18.523, 0, 0 %, 0 MiB
2026/09/04 05:21:20.556, 0, 0 %, 0 MiB
2026/09/04 05:21:22.596, 0, 0 %, 0 MiB
2026/09/04 05:21:24.627, 0, 0 %, 0 MiB
2026/09/04 05:21:26.693, 0, 0 %, 4 MiB
2026/09/04 05:21:28.729, 0, 0 %, 4 MiB
2026/09/04 05:21:30.765, 0, 0 %, 740 MiB
2026/09/04 05:21:32.792, 0, 0 %, 740 MiB
2026/09/04 05:21:34.821, 0, 0 %, 740 MiB
2026/09/04 05:21:36.848, 0, 0 %, 830 MiB
2026/09/04 05:21:38.875, 0, 0 %, 830 MiB
2026/09/04 05:21:40.905, 0, 0 %, 830 MiB
2026/09/04 05:21:42.931, 0, 0 %, 830 MiB
2026/09/04 05:21:44.961, 0, 0 %, 958 MiB
2026/09/04 05:21:46.992, 0, 0 %, 958 MiB
2026/09/04 05:21:49.020, 0, 0 %, 958 MiB
2026/09/04 05:21:51.064, 0, 0 %, 958 MiB
2026/09/04 05:21:53.093, 0, 0 %, 958 MiB
2026/09/04 05:21:55.119, 0, 0 %, 958 MiB
2026/09/04 05:21:57.145, 0, 0 %, 958 MiB
2026/09/04 05:21:59.172, 0, 0 %, 958 MiB
2026/09/04 05:22:01.202, 0, 0 %, 958 MiB
2026/09/04 05:22:03.233, 0, 0 %, 958 MiB
2026/09/04 05:22:05.265, 0, 1 %, 960 MiB
2026/09/04 05:22:07.291, 0, 20 %, 4064 MiB
2026/09/04 05:22:09.320, 0, 6 %, 4090 MiB
2026/09/04 05:22:11.346, 0, 0 %, 4090 MiB
2026/09/04 05:22:13.382, 0, 1 %, 4090 MiB
2026/09/04 05:22:15.410, 0, 0 %, 4090 MiB
2026/09/04 05:22:17.448, 0, 0 %, 4090 MiB
2026/09/04 05:22:19.483, 0, 0 %, 4090 MiB
2026/09/04 05:22:21.517, 0, 0 %, 4090 MiB
2026/09/04 05:22:23.546, 0, 0 %, 4090 MiB
2026/09/04 05:22:25.578, 0, 0 %, 4090 MiB
2026/09/04 05:22:27.608, 0, 0 %, 4090 MiB
2026/09/04 05:22:29.634, 0, 0 %, 4090 MiB
2026/09/04 05:22:31.662, 0, 0 %, 4092 MiB
2026/09/04 05:22:33.690, 0, 0 %, 4092 MiB
2026/09/04 05:22:35.718, 0, 0 %, 4092 MiB
2026/09/04 05:22:37.745, 0, 0 %, 4092 MiB
2026/09/04 05:22:39.776, 0, 0 %, 4092 MiB
2026/09/04 05:22:41.802, 0, 0 %, 4092 MiB
2026/09/04 05:22:43.832, 0, 0 %, 4092 MiB
2026/09/04 05:22:45.864, 0, 0 %, 4092 MiB
2026/09/04 05:22:47.897, 0, 0 %, 4092 MiB
2026/09/04 05:22:49.935, 0, 0 %, 4092 MiB
2026/09/04 05:22:51.963, 0, 0 %, 4092 MiB
2026/09/04 05:22:53.993, 0, 0 %, 4094 MiB
2026/09/04 05:22:56.029, 0, 0 %, 4036 MiB
2026/09/04 05:22:58.058, 0, 5 %, 4062 MiB
2026/09/04 05:23:00.084, 0, 0 %, 4062 MiB
2026/09/04 05:23:02.110, 0, 0 %, 4062 MiB
2026/09/04 05:23:04.137, 0, 0 %, 4062 MiB
2026/09/04 05:23:06.165, 0, 0 %, 0 MiB
2026/09/04 05:23:08.197, 0, 0 %, 0 MiB
2026/09/04 05:23:10.225, 0, 0 %, 0 MiB
2026/09/04 05:23:12.254, 0, 0 %, 0 MiB
2026/09/04 05:23:14.291, 0, 0 %, 0 MiB
2026/09/04 05:23:16.322, 0, 0 %, 0 MiB
2026/09/04 05:23:18.354, 0, 0 %, 0 MiB
2026/09/04 05:23:20.400, 0, 0 %, 1 MiB
2026/09/04 05:23:22.756, 0, 77 %, 744 MiB
2026/09/04 05:23:24.791, 0, 78 %, 744 MiB
2026/09/04 05:23:26.817, 0, 78 %, 744 MiB
2026/09/04 05:23:28.844, 0, 79 %, 744 MiB
2026/09/04 05:23:30.872, 0, 78 %, 744 MiB
2026/09/04 05:23:32.902, 0, 78 %, 744 MiB
2026/09/04 05:23:34.932, 0, 78 %, 744 MiB
2026/09/04 05:23:36.962, 0, 78 %, 744 MiB
2026/09/04 05:23:38.996, 0, 78 %, 744 MiB
2026/09/04 05:23:41.025, 0, 77 %, 744 MiB
2026/09/04 05:23:43.056, 0, 77 %, 744 MiB
2026/09/04 05:23:45.086, 0, 77 %, 744 MiB
2026/09/04 05:23:47.120, 0, 77 %, 744 MiB
2026/09/04 05:23:49.150, 0, 77 %, 744 MiB
2026/09/04 05:23:51.180, 0, 77 %, 744 MiB
2026/09/04 05:23:53.212, 0, 77 %, 744 MiB
2026/09/04 05:23:55.245, 0, 77 %, 744 MiB
2026/09/04 05:23:57.274, 0, 77 %, 744 MiB
2026/09/04 05:23:59.302, 0, 77 %, 744 MiB
2026/09/04 05:24:01.332, 0, 76 %, 744 MiB
2026/09/04 05:24:03.369, 0, 77 %, 744 MiB
2026/09/04 05:24:05.399, 0, 77 %, 744 MiB
2026/09/04 05:24:07.426, 0, 77 %, 744 MiB
2026/09/04 05:24:09.456, 0, 76 %, 744 MiB
2026/09/04 05:24:11.483, 0, 77 %, 744 MiB
2026/09/04 05:24:13.516, 0, 77 %, 744 MiB
2026/09/04 05:24:15.544, 0, 76 %, 744 MiB
2026/09/04 05:24:17.579, 0, 76 %, 744 MiB
2026/09/04 05:24:19.609, 0, 76 %, 744 MiB
2026/09/04 05:24:21.644, 0, 76 %, 744 MiB
2026/09/04 05:24:23.674, 0, 76 %, 744 MiB
2026/09/04 05:24:25.706, 0, 76 %, 744 MiB
2026/09/04 05:24:27.733, 0, 0 %, 646 MiB
2026/09/04 05:24:29.759, 0, 0 %, 646 MiB
2026/09/04 05:24:31.799, 0, 0 %, 0 MiB
2026/09/04 05:24:33.833, 0, 0 %, 0 MiB
2026/09/04 05:24:35.865, 0, 0 %, 0 MiB
2026/09/04 05:24:37.962, 0, 0 %, 4 MiB
2026/09/04 05:24:39.991, 0, 0 %, 0 MiB
2026/09/04 05:24:42.021, 0, 0 %, 0 MiB
2026/09/04 05:24:44.049, 0, 0 %, 0 MiB
2026/09/04 05:24:46.082, 0, 0 %, 0 MiB
2026/09/04 05:24:48.110, 0, 0 %, 0 MiB
2026/09/04 05:24:50.138, 0, 0 %, 0 MiB
2026/09/04 05:24:52.170, 0, 0 %, 0 MiB
2026/09/04 05:24:54.199, 0, 0 %, 0 MiB
2026/09/04 05:24:56.227, 0, 0 %, 4 MiB
2026/09/04 05:24:58.259, 0, 0 %, 4 MiB
2026/09/04 05:25:00.289, 0, 0 %, 748 MiB
2026/09/04 05:25:02.315, 0, 0 %, 748 MiB
2026/09/04 05:25:04.345, 0, 0 %, 834 MiB
2026/09/04 05:25:06.372, 0, 0 %, 836 MiB
2026/09/04 05:25:08.406, 0, 0 %, 850 MiB
2026/09/04 05:25:10.445, 0, 0 %, 3896 MiB
2026/09/04 05:25:12.477, 0, 0 %, 3896 MiB
2026/09/04 05:25:14.517, 0, 0 %, 3928 MiB
2026/09/04 05:25:16.545, 0, 0 %, 3990 MiB
2026/09/04 05:25:18.576, 0, 0 %, 3990 MiB
2026/09/04 05:25:20.636, 0, 0 %, 3990 MiB
2026/09/04 05:25:22.687, 0, 0 %, 0 MiB
2026/09/04 05:25:24.720, 0, 0 %, 0 MiB
2026/09/04 05:25:26.753, 0, 0 %, 0 MiB
2026/09/04 05:25:28.791, 0, 0 %, 0 MiB
2026/09/04 05:25:30.826, 0, 0 %, 0 MiB
2026/09/04 05:25:32.856, 0, 0 %, 0 MiB
2026/09/04 05:25:34.889, 0, 0 %, 0 MiB
2026/09/04 05:25:36.917, 0, 76 %, 744 MiB
2026/09/04 05:25:38.948, 0, 77 %, 744 MiB
2026/09/04 05:25:40.975, 0, 77 %, 744 MiB
2026/09/04 05:25:43.001, 0, 77 %, 744 MiB
2026/09/04 05:25:45.028, 0, 77 %, 744 MiB
2026/09/04 05:25:47.055, 0, 76 %, 744 MiB
2026/09/04 05:25:49.087, 0, 76 %, 744 MiB
2026/09/04 05:25:51.114, 0, 76 %, 744 MiB
2026/09/04 05:25:53.146, 0, 77 %, 744 MiB
2026/09/04 05:25:55.173, 0, 80 %, 744 MiB
2026/09/04 05:25:57.210, 0, 79 %, 744 MiB
2026/09/04 05:25:59.240, 0, 79 %, 744 MiB
2026/09/04 05:26:01.268, 0, 78 %, 744 MiB
2026/09/04 05:26:03.295, 0, 77 %, 744 MiB
2026/09/04 05:26:05.323, 0, 71 %, 744 MiB
2026/09/04 05:26:07.349, 0, 0 %, 0 MiB
2026/09/04 05:26:09.377, 0, 0 %, 0 MiB
2026/09/04 05:26:11.407, 0, 0 %, 0 MiB
2026/09/04 05:26:13.435, 0, 0 %, 0 MiB
2026/09/04 05:26:15.475, 0, 0 %, 2 MiB
2026/09/04 05:26:17.796, 0, 0 %, 4 MiB
2026/09/04 05:26:19.849, 0, 0 %, 740 MiB
2026/09/04 05:26:21.883, 0, 0 %, 0 MiB
2026/09/04 05:26:23.916, 0, 0 %, 0 MiB
2026/09/04 05:26:25.952, 0, 0 %, 0 MiB
2026/09/04 05:26:27.980, 0, 0 %, 0 MiB
2026/09/04 05:26:30.014, 0, 0 %, 0 MiB
2026/09/04 05:26:32.046, 0, 0 %, 4 MiB
2026/09/04 05:26:34.074, 0, 0 %, 4 MiB
2026/09/04 05:53:39.666, 0, 0 %, 0 MiB
2026/09/04 05:53:41.731, 0, 74 %, 744 MiB
2026/09/04 05:53:43.798, 0, 74 %, 744 MiB
2026/09/04 05:53:45.869, 0, 78 %, 744 MiB
2026/09/04 05:53:47.933, 0, 78 %, 744 MiB
2026/09/04 05:53:50.001, 0, 78 %, 744 MiB
2026/09/04 05:53:52.073, 0, 78 %, 744 MiB
2026/09/04 05:53:54.142, 0, 78 %, 744 MiB
2026/09/04 05:53:56.214, 0, 79 %, 744 MiB
2026/09/04 05:53:58.285, 0, 79 %, 744 MiB
2026/09/04 05:54:00.353, 0, 79 %, 744 MiB
2026/09/04 05:54:02.422, 0, 79 %, 744 MiB
2026/09/04 05:54:04.494, 0, 78 %, 744 MiB
2026/09/04 05:54:06.564, 0, 77 %, 744 MiB
2026/09/04 05:54:08.637, 0, 76 %, 744 MiB
2026/09/04 05:54:10.696, 0, 73 %, 744 MiB
2026/09/04 05:54:12.760, 0, 65 %, 744 MiB
2026/09/04 05:54:14.823, 0, 64 %, 744 MiB
2026/09/04 05:54:16.892, 0, 65 %, 744 MiB
2026/09/04 05:54:18.955, 0, 66 %, 744 MiB
2026/09/04 05:54:21.024, 0, 67 %, 744 MiB
2026/09/04 05:54:23.089, 0, 68 %, 744 MiB
2026/09/04 05:54:25.148, 0, 0 %, 0 MiB
2026/09/04 05:54:27.211, 0, 77 %, 744 MiB
2026/09/04 05:54:29.275, 0, 77 %, 744 MiB
2026/09/04 05:54:31.342, 0, 78 %, 744 MiB
2026/09/04 05:54:33.423, 0, 78 %, 744 MiB
2026/09/04 05:54:35.492, 0, 78 %, 744 MiB
2026/09/04 05:54:37.558, 0, 78 %, 744 MiB
2026/09/04 05:54:39.629, 0, 77 %, 744 MiB
2026/09/04 05:54:41.694, 0, 77 %, 744 MiB
2026/09/04 05:54:43.768, 0, 77 %, 744 MiB
2026/09/04 05:54:45.839, 0, 77 %, 744 MiB
2026/09/04 05:54:47.906, 0, 76 %, 744 MiB
2026/09/04 05:54:49.974, 0, 77 %, 744 MiB
2026/09/04 05:54:52.032, 0, 76 %, 744 MiB
2026/09/04 05:54:54.096, 0, 76 %, 744 MiB
2026/09/04 05:54:56.155, 0, 75 %, 744 MiB
2026/09/04 05:54:58.212, 0, 75 %, 744 MiB
2026/09/04 05:55:00.271, 0, 75 %, 744 MiB
2026/09/04 05:55:02.333, 0, 75 %, 744 MiB
2026/09/04 05:55:04.404, 0, 74 %, 744 MiB
2026/09/04 05:55:06.473, 0, 73 %, 744 MiB
2026/09/04 05:55:08.531, 0, 74 %, 744 MiB
2026/09/04 05:55:10.588, 0, 74 %, 744 MiB
2026/09/04 05:55:12.650, 0, 74 %, 744 MiB
2026/09/04 05:55:14.716, 0, 74 %, 744 MiB
2026/09/04 05:55:16.775, 0, 74 %, 744 MiB
2026/09/04 05:55:18.838, 0, 76 %, 744 MiB
2026/09/04 05:55:20.896, 0, 77 %, 744 MiB
2026/09/04 05:55:22.962, 0, 77 %, 744 MiB
2026/09/04 05:55:25.022, 0, 77 %, 744 MiB
2026/09/04 05:55:27.085, 0, 78 %, 744 MiB
2026/09/04 05:55:29.140, 0, 78 %, 744 MiB
2026/09/04 05:55:31.198, 0, 77 %, 744 MiB
2026/09/04 05:55:33.253, 0, 77 %, 744 MiB
2026/09/04 05:55:35.316, 0, 77 %, 744 MiB
2026/09/04 05:55:37.373, 0, 77 %, 744 MiB
2026/09/04 05:55:39.430, 0, 68 %, 744 MiB
2026/09/04 05:55:41.491, 0, 67 %, 744 MiB
2026/09/04 05:55:43.549, 0, 67 %, 744 MiB
2026/09/04 05:55:45.619, 0, 68 %, 744 MiB
2026/09/04 05:55:47.684, 0, 61 %, 744 MiB
2026/09/04 05:55:49.744, 0, 68 %, 744 MiB
2026/09/04 05:55:51.811, 0, 68 %, 744 MiB
2026/09/04 05:55:53.869, 0, 67 %, 744 MiB
2026/09/04 05:55:55.948, 0, 64 %, 744 MiB
2026/09/04 05:55:58.007, 0, 68 %, 744 MiB
2026/09/04 05:56:00.068, 0, 0 %, 744 MiB
2026/09/04 05:56:02.162, 0, 0 %, 0 MiB
2026/09/04 05:56:04.224, 0, 0 %, 0 MiB
2026/09/04 05:56:06.281, 0, 0 %, 0 MiB
2026/09/04 05:56:08.345, 0, 0 %, 0 MiB
2026/09/04 05:56:10.408, 0, 0 %, 0 MiB
2026/09/04 05:56:12.468, 0, 0 %, 4 MiB
2026/09/04 05:56:14.529, 0, 0 %, 4 MiB
2026/09/04 05:56:16.594, 0, 0 %, 740 MiB
2026/09/04 05:56:18.654, 0, 0 %, 740 MiB
2026/09/04 05:56:20.715, 0, 0 %, 740 MiB
2026/09/04 05:56:22.774, 0, 0 %, 854 MiB
2026/09/04 05:56:24.839, 0, 0 %, 854 MiB
2026/09/04 05:56:26.901, 0, 0 %, 854 MiB
2026/09/04 05:56:28.957, 0, 0 %, 854 MiB
2026/09/04 05:56:31.017, 0, 0 %, 854 MiB
2026/09/04 05:56:33.076, 0, 0 %, 854 MiB
2026/09/04 05:56:35.138, 0, 0 %, 854 MiB
2026/09/04 05:56:37.201, 0, 0 %, 854 MiB
2026/09/04 05:56:39.262, 0, 0 %, 854 MiB
2026/09/04 05:56:41.323, 0, 0 %, 6016 MiB
2026/09/04 05:56:43.380, 0, 0 %, 6016 MiB
2026/09/04 05:56:45.444, 0, 39 %, 6112 MiB
2026/09/04 05:56:47.507, 0, 38 %, 6112 MiB
2026/09/04 05:56:49.568, 0, 0 %, 6112 MiB
2026/09/04 05:56:51.633, 0, 0 %, 6112 MiB
2026/09/04 05:56:53.699, 0, 0 %, 6112 MiB
2026/09/04 05:56:55.763, 0, 0 %, 6112 MiB
2026/09/04 05:56:57.825, 0, 37 %, 6112 MiB
2026/09/04 05:56:59.887, 0, 0 %, 6112 MiB
2026/09/04 05:57:01.952, 0, 0 %, 6112 MiB
2026/09/04 05:57:04.013, 0, 0 %, 6112 MiB
2026/09/04 05:57:06.077, 0, 0 %, 6112 MiB
2026/09/04 05:57:08.137, 0, 0 %, 6112 MiB
2026/09/04 05:57:10.196, 0, 0 %, 4 MiB
2026/09/04 05:57:12.252, 0, 0 %, 4 MiB
2026/09/04 05:57:14.312, 0, 0 %, 4 MiB
2026/09/04 05:57:16.375, 0, 0 %, 4 MiB
2026/09/04 05:57:18.434, 0, 0 %, 4 MiB
2026/09/04 05:57:20.495, 0, 0 %, 4 MiB
2026/09/04 05:57:22.554, 0, 0 %, 748 MiB
2026/09/04 05:57:24.621, 0, 0 %, 748 MiB
2026/09/04 05:57:26.690, 0, 0 %, 834 MiB
2026/09/04 05:57:28.753, 0, 0 %, 856 MiB
2026/09/04 05:57:30.817, 0, 0 %, 5972 MiB
2026/09/04 05:57:32.881, 0, 38 %, 6082 MiB
2026/09/04 05:57:34.943, 0, 0 %, 6082 MiB
2026/09/04 05:57:37.017, 0, 0 %, 6082 MiB
2026/09/04 05:57:39.082, 0, 0 %, 6082 MiB
2026/09/04 05:57:41.144, 0, 0 %, 6082 MiB
2026/09/04 05:57:43.205, 0, 37 %, 6082 MiB
2026/09/04 05:57:45.270, 0, 0 %, 6082 MiB
2026/09/04 05:57:47.334, 0, 1 %, 6082 MiB
2026/09/04 05:57:49.397, 0, 0 %, 6082 MiB
2026/09/04 05:57:51.461, 0, 0 %, 6082 MiB
2026/09/04 05:57:53.522, 0, 0 %, 6082 MiB
2026/09/04 05:57:55.585, 0, 38 %, 6082 MiB
2026/09/04 05:57:57.647, 0, 0 %, 6082 MiB
2026/09/04 05:57:59.708, 0, 0 %, 6082 MiB
2026/09/04 05:58:01.774, 0, 0 %, 6082 MiB
2026/09/04 05:58:03.841, 0, 0 %, 6082 MiB
2026/09/04 05:58:05.911, 0, 41 %, 6082 MiB
2026/09/04 05:58:07.976, 0, 0 %, 6082 MiB
2026/09/04 05:58:10.038, 0, 0 %, 6082 MiB
2026/09/04 05:58:12.101, 0, 0 %, 6082 MiB
2026/09/04 05:58:14.162, 0, 0 %, 6082 MiB
2026/09/04 05:58:16.231, 0, 0 %, 6082 MiB
2026/09/04 05:58:18.299, 0, 38 %, 6082 MiB
2026/09/04 05:58:20.369, 0, 0 %, 6082 MiB
2026/09/04 05:58:22.443, 0, 0 %, 6082 MiB
2026/09/04 05:58:24.501, 0, 0 %, 6082 MiB
2026/09/04 05:58:26.557, 0, 0 %, 6082 MiB
2026/09/04 05:58:28.616, 0, 38 %, 6082 MiB
2026/09/04 05:58:30.678, 0, 0 %, 6082 MiB
2026/09/04 05:58:32.742, 0, 0 %, 6082 MiB
2026/09/04 05:58:34.805, 0, 0 %, 6082 MiB
2026/09/04 05:58:36.869, 0, 0 %, 0 MiB
