1788515619.937876537	probe_search	selfplay	339236	1	217088	339224
1788515620.216485144	probe_search	selfplay	339236	3	259288	339224
1788515620.496050343	probe_search	selfplay	339236	3	259288	339224
1788515620.776537849	probe_search	selfplay	339236	4	327896	339224
1788515621.052546635	probe_search	selfplay	339236	5	480472	339224
1788515621.330151608	probe_search	selfplay	339236	5	836824	339224
1788515621.611672652	probe_search	selfplay	339236	25	1139608	339224
1788515621.899737948	probe_search	selfplay	339236	25	1157016	339224
1788515622.177750538	probe_search	selfplay	339236	25	1170328	339224
1788515622.459138702	probe_search	selfplay	339236	25	1179544	339224
1788515622.736092324	probe_search	selfplay	339236	25	1187736	339224
1788515623.023000978	probe_search	selfplay	339236	25	1195928	339224
1788515623.300149792	probe_search	selfplay	339236	25	1204120	339224
1788515623.582363885	probe_search	selfplay	339236	24	1213336	339224
1788515623.868322436	probe_search	selfplay	339236	24	1221528	339224
1788515624.151461867	probe_search	selfplay	339236	24	1228696	339224
1788515624.444062029	probe_search	selfplay	339236	24	1237912	339224
1788515624.725511582	probe_search	selfplay	339236	24	1245080	339224
1788515625.003575184	probe_search	selfplay	339236	23	1253272	339224
1788515625.280908508	probe_search	selfplay	339236	23	1260440	339224
1788515625.555452130	probe_search	selfplay	339236	23	1268632	339224
1788515625.838894914	probe_search	selfplay	339236	23	1276824	339224
1788515626.127559700	probe_search	selfplay	339236	22	1283992	339224
1788515626.407190855	probe_search	selfplay	339236	22	1292184	339224
1788515626.684816434	probe_search	selfplay	339236	22	1299352	339224
1788515626.959933961	probe_search	selfplay	339236	22	1306520	339224
1788515627.251263061	probe_search	selfplay	339236	22	1313688	339224
1788515627.527358704	probe_search	selfplay	339236	22	1320856	339224
1788515627.805381874	probe_search	selfplay	339236	22	1328024	339224
1788515628.082899523	probe_search	selfplay	339236	22	1335192	339224
1788515628.367583174	probe_search	selfplay	339236	22	1343384	339224
1788515628.652167922	probe_search	selfplay	339236	22	1349528	339224
1788515628.929032583	probe_search	selfplay	339236	22	1356696	339224
1788515629.215791530	probe_search	selfplay	339236	22	1364888	339224
1788515629.498185739	probe_search	selfplay	339236	22	1372056	339224
1788515629.780326044	probe_search	selfplay	339236	22	1379224	339224
1788515630.059347809	probe_search	selfplay	339236	22	1386392	339224
1788515630.344874070	probe_search	selfplay	339236	22	1392536	339224
1788515630.632564750	probe_search	selfplay	339236	22	1400728	339224
1788515630.923414751	probe_search	selfplay	339236	22	1406872	339224
1788515631.197654089	probe_search	selfplay	339236	22	1414040	339224
1788515631.481191063	probe_search	selfplay	339236	22	1421208	339224
1788515631.762270728	probe_search	selfplay	339236	22	1428376	339224
1788515632.047095712	probe_search	selfplay	339236	22	1435544	339224
1788515632.331684081	probe_search	selfplay	339236	22	1441688	339224
1788515632.613615604	probe_search	selfplay	339236	22	1448856	339224
1788515632.897663503	probe_search	selfplay	339236	21	1457048	339224
1788515633.175480314	probe_search	selfplay	339236	21	1463192	339224
1788515633.464236621	probe_search	selfplay	339236	21	1469336	339224
1788515633.736713153	probe_search	selfplay	339236	21	1476504	339224
1788515634.015099413	probe_search	selfplay	339236	21	1482648	339224
1788515634.293970088	probe_search	selfplay	339236	21	1488792	339224
1788515634.572001712	probe_search	selfplay	339236	21	1494936	339224
1788515634.852054240	probe_search	selfplay	339236	21	1501080	339224
1788515635.130983323	probe_search	selfplay	339236	21	1507224	339224
1788515635.414104259	probe_search	selfplay	339236	20	1513368	339224
1788515635.700908930	probe_search	selfplay	339236	20	1519512	339224
1788515635.987271694	probe_search	selfplay	339236	19	1524632	339224
1788515636.266808859	probe_search	selfplay	339236	19	1529752	339224
1788515636.546182093	probe_search	selfplay	339236	19	1535896	339224
1788515636.824880671	probe_search	selfplay	339236	19	1541016	339224
1788515637.104719880	probe_search	selfplay	339236	19	1547160	339224
1788515637.389270312	probe_search	selfplay	339236	19	1552280	339224
1788515637.672206030	probe_search	selfplay	339236	19	1557400	339224
1788515637.953427942	probe_search	selfplay	339236	19	1563544	339224
1788515638.227998839	probe_search	selfplay	339236	18	1568664	339224
1788515638.507048004	probe_search	selfplay	339236	18	1572760	339224
1788515638.783487708	probe_search	selfplay	339236	18	1577880	339224
1788515639.067657153	probe_search	selfplay	339236	18	1581976	339224
1788515639.352407957	probe_search	selfplay	339236	18	1587096	339224
1788515639.636898132	probe_search	selfplay	339236	18	1592216	339224
1788515639.913490204	probe_search	selfplay	339236	18	1597336	339224
1788515640.190431675	probe_search	selfplay	339236	18	1602456	339224
1788515640.466583508	probe_search	selfplay	339236	18	1607576	339224
1788515640.748161865	probe_search	selfplay	339236	18	1612696	339224
1788515641.024491400	probe_search	selfplay	339236	17	1616792	339224
1788515641.302536862	probe_search	selfplay	339236	15	1621912	339224
1788515641.580594946	probe_search	selfplay	339236	13	1624984	339224
1788515641.858718140	probe_search	selfplay	339236	13	1627032	339224
1788515642.135349628	probe_search	selfplay	339236	13	1630104	339224
1788515642.421878373	probe_search	selfplay	339236	13	1633176	339224
1788515642.706195812	probe_search	selfplay	339236	13	1635224	339224
1788515642.991389441	probe_search	selfplay	339236	13	1638296	339224
1788515643.289284961	probe_search	selfplay	339236	13	1641368	339224
1788515643.575250245	probe_search	selfplay	339236	12	1643416	339224
1788515643.866475914	probe_search	selfplay	339236	12	1645464	339224
1788515644.158633285	probe_search	selfplay	339236	12	1647512	339224
1788515644.453042888	probe_search	selfplay	339236	12	1649560	339224
1788515644.743421640	probe_search	selfplay	339236	12	1651608	339224
1788515645.033210057	probe_search	selfplay	339236	12	1653656	339224
1788515645.328385011	probe_search	selfplay	339236	11	1655704	339224
1788515645.613002123	probe_search	selfplay	339236	11	1657752	339224
1788515645.895176255	probe_search	selfplay	339236	11	1659800	339224
1788515646.181927789	probe_search	selfplay	339236	10	1661848	339224
1788515646.465141200	probe_search	selfplay	339236	10	1662872	339224
1788515646.739871358	probe_search	selfplay	339236	10	1664920	339224
1788515647.012180733	probe_search	selfplay	339236	10	1665944	339224
1788515647.284990670	probe_search	selfplay	339236	10	1667992	339224
1788515647.580464992	probe_search	selfplay	339236	10	1670040	339224
1788515647.865040393	probe_search	selfplay	339236	10	1671064	339224
1788515648.138952264	probe_search	selfplay	339236	10	1672088	339224
1788515648.413774647	probe_search	selfplay	339236	10	1674136	339224
1788515648.688186860	probe_search	selfplay	339236	10	1675160	339224
1788515648.964834065	probe_search	selfplay	339236	10	1677208	339224
1788515649.253403471	probe_search	selfplay	339236	10	1678232	339224
1788515649.540511656	probe_search	selfplay	339236	9	1681304	339224
1788515649.821991332	probe_search	selfplay	339236	9	1682328	339224
1788515650.100344696	probe_search	selfplay	339236	9	1683352	339224
1788515650.376643243	probe_search	selfplay	339236	9	1684376	339224
1788515650.650546677	probe_search	selfplay	339236	9	1685400	339224
1788515650.931021264	probe_search	selfplay	339236	9	1687448	339224
1788515651.207223277	probe_search	selfplay	339236	9	1688472	339224
1788515651.483712690	probe_search	selfplay	339236	9	1689496	339224
1788515651.758795159	probe_search	selfplay	339236	9	1690520	339224
1788515652.038736006	probe_search	selfplay	339236	9	1691544	339224
1788515652.333479751	probe_search	selfplay	339236	9	1692568	339224
1788515652.613374436	probe_search	selfplay	339236	8	1694616	339224
1788515652.895226084	probe_search	selfplay	339236	8	1695640	339224
1788515653.175508528	probe_search	selfplay	339236	8	1696664	339224
1788515653.454047133	probe_search	selfplay	339236	8	1697688	339224
1788515653.727497532	probe_search	selfplay	339236	8	1698712	339224
1788515654.000681548	probe_search	selfplay	339236	8	1699736	339224
1788515654.278909313	probe_search	selfplay	339236	8	1700760	339224
1788515654.550719864	probe_search	selfplay	339236	8	1701784	339224
1788515654.825847730	probe_search	selfplay	339236	8	1701784	339224
1788515655.104833685	probe_search	selfplay	339236	8	1702808	339224
1788515655.388525895	probe_search	selfplay	339236	8	1703832	339224
1788515655.666497743	probe_search	selfplay	339236	8	1704856	339224
1788515655.939088767	probe_search	selfplay	339236	8	1705880	339224
1788515656.215895881	probe_search	selfplay	339236	8	1706904	339224
1788515656.502273326	probe_search	selfplay	339236	8	1707928	339224
1788515656.779872196	probe_search	selfplay	339236	8	1708952	339224
1788515657.052333865	probe_search	selfplay	339236	8	1709976	339224
1788515657.324378328	probe_search	selfplay	339236	8	1711000	339224
1788515657.604526511	probe_search	selfplay	339236	8	1712024	339224
1788515657.886487668	probe_search	selfplay	339236	8	1713048	339224
1788515658.160214712	probe_search	selfplay	339236	8	1714072	339224
1788515658.439683299	probe_search	selfplay	339236	8	1715096	339224
1788515658.717536944	probe_search	selfplay	339236	8	1716120	339224
1788515658.990663211	probe_search	selfplay	339236	8	1717144	339224
1788515659.263069435	probe_search	selfplay	339236	8	1718168	339224
1788515659.535306227	probe_search	selfplay	339236	8	1719192	339224
1788515659.815858646	probe_search	selfplay	339236	8	1720216	339224
1788515660.094646416	probe_search	selfplay	339236	8	1721240	339224
1788515660.371087372	probe_search	selfplay	339236	8	1722264	339224
1788515660.647968476	probe_search	selfplay	339236	8	1723288	339224
1788515660.930114636	probe_search	selfplay	339236	8	1724312	339224
1788515661.213731068	probe_search	selfplay	339236	8	1725336	339224
1788515661.495504824	probe_search	selfplay	339236	8	1726360	339224
1788515661.784683872	probe_search	selfplay	339236	8	1727384	339224
1788515662.071964259	probe_search	selfplay	339236	8	1728408	339224
1788515662.364918867	probe_search	selfplay	339236	8	1729432	339224
1788515662.653727821	probe_search	selfplay	339236	8	1730456	339224
1788515662.938295712	probe_search	selfplay	339236	8	1731480	339224
1788515663.233631211	probe_search	selfplay	339236	8	1733528	339224
1788515663.520142684	probe_search	selfplay	339236	8	1734552	339224
1788515663.796715110	probe_search	selfplay	339236	6	1739392	339224
1788515664.072223878	probe_search	selfplay	339236	6	1739392	339224
1788515664.350504348	probe_search	selfplay	339236	4	1031652	339224
1788515665.450589832	probe_search	selfplay	340387	1	256476	340369
1788515665.724443216	probe_search	selfplay	340387	3	258608	340369
1788515666.011074813	probe_search	selfplay	340387	4	327216	340369
1788515666.291450935	probe_search	selfplay	340387	5	449072	340369
1788515666.580701267	probe_search	selfplay	340387	5	794160	340369
1788515666.863821793	probe_search	selfplay	340387	25	1137716	340369
1788515667.143066162	probe_search	selfplay	340387	25	1162292	340369
1788515667.438827858	probe_search	selfplay	340387	25	1172532	340369
1788515667.720153858	probe_search	selfplay	340387	25	1181748	340369
1788515667.996632156	probe_search	selfplay	340387	25	1190964	340369
1788515668.283119376	probe_search	selfplay	340387	25	1199156	340369
1788515668.566479801	probe_search	selfplay	340387	25	1208372	340369
1788515668.857823566	probe_search	selfplay	340387	25	1217588	340369
1788515669.142913377	probe_search	selfplay	340387	25	1225780	340369
1788515669.425843288	probe_search	selfplay	340387	25	1234996	340369
1788515669.716870290	probe_search	selfplay	340387	25	1243188	340369
1788515670.003540167	probe_search	selfplay	340387	25	1251380	340369
1788515670.293204858	probe_search	selfplay	340387	25	1260596	340369
1788515670.584401688	probe_search	selfplay	340387	25	1268788	340369
1788515670.871686800	probe_search	selfplay	340387	25	1276980	340369
1788515671.151156628	probe_search	selfplay	340387	25	1285172	340369
1788515671.424192559	probe_search	selfplay	340387	25	1294388	340369
1788515671.704555991	probe_search	selfplay	340387	25	1301556	340369
1788515671.980739187	probe_search	selfplay	340387	25	1309748	340369
1788515672.253697432	probe_search	selfplay	340387	25	1317940	340369
1788515672.528403066	probe_search	selfplay	340387	25	1326132	340369
1788515672.798562504	probe_search	selfplay	340387	25	1334324	340369
1788515673.086910417	probe_search	selfplay	340387	25	1342516	340369
1788515673.370976019	probe_search	selfplay	340387	25	1351732	340369
1788515673.655068057	probe_search	selfplay	340387	25	1359924	340369
1788515673.934237463	probe_search	selfplay	340387	25	1368116	340369
1788515674.216410436	probe_search	selfplay	340387	25	1376308	340369
1788515674.496491757	probe_search	selfplay	340387	25	1383476	340369
1788515674.776218455	probe_search	selfplay	340387	25	1391668	340369
1788515675.049891478	probe_search	selfplay	340387	25	1399860	340369
1788515675.335928848	probe_search	selfplay	340387	25	1408052	340369
1788515675.626419954	probe_search	selfplay	340387	25	1416244	340369
1788515675.916465780	probe_search	selfplay	340387	25	1424436	340369
1788515676.191888560	probe_search	selfplay	340387	25	1432628	340369
1788515676.476248203	probe_search	selfplay	340387	25	1439796	340369
1788515676.751447183	probe_search	selfplay	340387	25	1447988	340369
1788515677.029622984	probe_search	selfplay	340387	25	1455156	340369
1788515677.313227163	probe_search	selfplay	340387	25	1463348	340369
1788515677.601318799	probe_search	selfplay	340387	25	1471540	340369
1788515677.895715290	probe_search	selfplay	340387	25	1479732	340369
1788515678.173185231	probe_search	selfplay	340387	25	1486900	340369
1788515678.445739616	probe_search	selfplay	340387	25	1494068	340369
1788515678.728408348	probe_search	selfplay	340387	25	1503284	340369
1788515679.016899382	probe_search	selfplay	340387	25	1510452	340369
1788515679.305084321	probe_search	selfplay	340387	25	1518644	340369
1788515679.582820350	probe_search	selfplay	340387	25	1525812	340369
1788515679.859551846	probe_search	selfplay	340387	25	1537076	340369
1788515680.147222541	probe_search	selfplay	340387	25	1544244	340369
1788515680.427365127	probe_search	selfplay	340387	25	1552436	340369
1788515680.706921291	probe_search	selfplay	340387	25	1559604	340369
1788515680.987720567	probe_search	selfplay	340387	25	1567796	340369
1788515681.275395243	probe_search	selfplay	340387	25	1578036	340369
1788515681.567433044	probe_search	selfplay	340387	25	1586228	340369
1788515681.862078308	probe_search	selfplay	340387	25	1595444	340369
1788515682.203670042	probe_search	selfplay	340387	25	1603636	340369
1788515682.509772916	probe_search	selfplay	340387	25	1611828	340369
1788515682.822104868	probe_search	selfplay	340387	25	1620020	340369
1788515683.111675297	probe_search	selfplay	340387	25	1628212	340369
1788515683.407668824	probe_search	selfplay	340387	25	1635380	340369
1788515683.715733817	probe_search	selfplay	340387	25	1643572	340369
1788515684.023839176	probe_search	selfplay	340387	25	1651764	340369
1788515684.321283087	probe_search	selfplay	340387	25	1659956	340369
1788515684.625805530	probe_search	selfplay	340387	25	1668148	340369
1788515684.925009865	probe_search	selfplay	340387	25	1676340	340369
1788515685.225606389	probe_search	selfplay	340387	25	1689652	340369
1788515685.530085886	probe_search	selfplay	340387	25	1697844	340369
1788515685.833853418	probe_search	selfplay	340387	25	1706036	340369
1788515686.145582125	probe_search	selfplay	340387	25	1718324	340369
1788515686.453241230	probe_search	selfplay	340387	25	1726516	340369
1788515686.773518198	probe_search	selfplay	340387	25	1734708	340369
1788515687.078564050	probe_search	selfplay	340387	25	1741876	340369
1788515687.372380232	probe_search	selfplay	340387	25	1750068	340369
1788515687.675216922	probe_search	selfplay	340387	25	1758260	340369
1788515687.985590144	probe_search	selfplay	340387	25	1766452	340369
1788515688.291531719	probe_search	selfplay	340387	25	1773620	340369
1788515688.608178147	probe_search	selfplay	340387	25	1781812	340369
1788515688.914330790	probe_search	selfplay	340387	25	1793076	340369
1788515689.224792449	probe_search	selfplay	340387	25	1801268	340369
1788515689.535848822	probe_search	selfplay	340387	25	1808436	340369
1788515689.839427825	probe_search	selfplay	340387	25	1816628	340369
1788515690.137818051	probe_search	selfplay	340387	25	1823796	340369
1788515690.437240779	probe_search	selfplay	340387	25	1835060	340369
1788515690.745795917	probe_search	selfplay	340387	25	1842228	340369
1788515691.038994938	probe_search	selfplay	340387	25	1849396	340369
1788515691.332856821	probe_search	selfplay	340387	25	1856564	340369
1788515691.624353397	probe_search	selfplay	340387	25	1863732	340369
1788515691.924585018	probe_search	selfplay	340387	25	1870900	340369
1788515692.206431602	probe_search	selfplay	340387	25	1877044	340369
1788515692.484349537	probe_search	selfplay	340387	25	1884212	340369
1788515692.767977222	probe_search	selfplay	340387	25	1893428	340369
1788515693.047048565	probe_search	selfplay	340387	25	1900596	340369
1788515693.332596867	probe_search	selfplay	340387	25	1907764	340369
1788515693.616516001	probe_search	selfplay	340387	25	1914932	340369
1788515693.905675748	probe_search	selfplay	340387	25	1922100	340369
1788515694.190324314	probe_search	selfplay	340387	25	1928244	340369
1788515694.468807806	probe_search	selfplay	340387	25	1934388	340369
1788515694.746365166	probe_search	selfplay	340387	25	1941556	340369
1788515695.022840326	probe_search	selfplay	340387	25	1947700	340369
1788515695.300742676	probe_search	selfplay	340387	25	1953844	340369
1788515695.577980998	probe_search	selfplay	340387	25	1961012	340369
1788515695.856128275	probe_search	selfplay	340387	25	1967156	340369
1788515696.133898884	probe_search	selfplay	340387	25	1973300	340369
1788515696.420445001	probe_search	selfplay	340387	25	1980468	340369
1788515696.697979906	probe_search	selfplay	340387	25	1989684	340369
1788515696.971935784	probe_search	selfplay	340387	25	1996852	340369
1788515697.248801851	probe_search	selfplay	340387	25	2002996	340369
1788515697.520913691	probe_search	selfplay	340387	25	2013236	340369
1788515697.802929179	probe_search	selfplay	340387	25	2019380	340369
1788515698.090106465	probe_search	selfplay	340387	25	2026548	340369
1788515698.370034018	probe_search	selfplay	340387	25	2032692	340369
1788515698.653514659	probe_search	selfplay	340387	25	2038836	340369
1788515698.932281958	probe_search	selfplay	340387	25	2044980	340369
1788515699.214564139	probe_search	selfplay	340387	25	2051124	340369
1788515699.497897921	probe_search	selfplay	340387	25	2058292	340369
1788515699.778671100	probe_search	selfplay	340387	25	2067508	340369
1788515700.058162148	probe_search	selfplay	340387	25	2073652	340369
1788515700.339818557	probe_search	selfplay	340387	25	2079796	340369
1788515700.622974783	probe_search	selfplay	340387	25	2085940	340369
1788515700.900005957	probe_search	selfplay	340387	25	2092084	340369
1788515701.182191777	probe_search	selfplay	340387	25	2098228	340369
1788515701.465473612	probe_search	selfplay	340387	25	2104372	340369
1788515701.753707772	probe_search	selfplay	340387	25	2110516	340369
1788515702.050242797	probe_search	selfplay	340387	25	2116660	340369
1788515702.333711526	probe_search	selfplay	340387	25	2122804	340369
1788515702.612512751	probe_search	selfplay	340387	25	2128948	340369
1788515702.898187706	probe_search	selfplay	340387	25	2135092	340369
1788515703.185555704	probe_search	selfplay	340387	25	2141236	340369
1788515703.472421006	probe_search	selfplay	340387	25	2147380	340369
1788515703.749701410	probe_search	selfplay	340387	25	2153524	340369
1788515704.024022921	probe_search	selfplay	340387	25	2159668	340369
1788515704.302495114	probe_search	selfplay	340387	25	2165812	340369
1788515704.587044720	probe_search	selfplay	340387	25	2171956	340369
1788515704.870927444	probe_search	selfplay	340387	25	2178100	340369
1788515705.148433475	probe_search	selfplay	340387	25	2183220	340369
1788515705.423927621	probe_search	selfplay	340387	25	2189364	340369
1788515705.701079608	probe_search	selfplay	340387	25	2195508	340369
1788515705.978159886	probe_search	selfplay	340387	25	2200628	340369
1788515706.260896770	probe_search	selfplay	340387	25	2206772	340369
1788515706.536543753	probe_search	selfplay	340387	25	2212916	340369
1788515706.818158607	probe_search	selfplay	340387	25	2219060	340369
1788515707.097994769	probe_search	selfplay	340387	25	2224180	340369
1788515707.379913201	probe_search	selfplay	340387	25	2230324	340369
1788515707.665968738	probe_search	selfplay	340387	25	2235444	340369
1788515707.950676911	probe_search	selfplay	340387	25	2241588	340369
1788515708.236950288	probe_search	selfplay	340387	25	2247732	340369
1788515708.517903916	probe_search	selfplay	340387	25	2253876	340369
1788515708.800270516	probe_search	selfplay	340387	25	2258996	340369
1788515709.078275369	probe_search	selfplay	340387	25	2265140	340369
1788515709.368017046	probe_search	selfplay	340387	25	2271284	340369
1788515709.663367966	probe_search	selfplay	340387	25	2277428	340369
1788515709.942474974	probe_search	selfplay	340387	25	2282548	340369
1788515710.230504747	probe_search	selfplay	340387	25	2288692	340369
1788515710.506559947	probe_search	selfplay	340387	25	2297908	340369
1788515710.784780981	probe_search	selfplay	340387	25	2303028	340369
1788515711.059706929	probe_search	selfplay	340387	25	2309172	340369
1788515711.336259393	probe_search	selfplay	340387	25	2317364	340369
1788515711.615924364	probe_search	selfplay	340387	25	2322484	340369
1788515711.903343948	probe_search	selfplay	340387	25	2328628	340369
1788515712.181288664	probe_search	selfplay	340387	25	2333748	340369
1788515712.466524491	probe_search	selfplay	340387	25	2339892	340369
1788515712.747507865	probe_search	selfplay	340387	25	2345012	340369
1788515713.030512253	probe_search	selfplay	340387	25	2350132	340369
1788515713.309304241	probe_search	selfplay	340387	25	2356276	340369
1788515713.587107819	probe_search	selfplay	340387	25	2361396	340369
1788515713.868651612	probe_search	selfplay	340387	25	2366516	340369
1788515714.152240837	probe_search	selfplay	340387	25	2372660	340369
1788515714.448233007	probe_search	selfplay	340387	25	2377780	340369
1788515714.726799476	probe_search	selfplay	340387	25	2383924	340369
1788515715.008673964	probe_search	selfplay	340387	25	2390068	340369
1788515715.300145949	probe_search	selfplay	340387	25	2395188	340369
1788515715.576137638	probe_search	selfplay	340387	25	2400308	340369
1788515715.865934757	probe_search	selfplay	340387	24	2405428	340369
1788515716.150778947	probe_search	selfplay	340387	24	2410548	340369
1788515716.430285402	probe_search	selfplay	340387	24	2415668	340369
1788515716.725615614	probe_search	selfplay	340387	23	2420788	340369
1788515717.006712908	probe_search	selfplay	340387	22	2425908	340369
1788515717.289811285	probe_search	selfplay	340387	22	2430004	340369
1788515717.575404562	probe_search	selfplay	340387	21	2435124	340369
1788515717.860679037	probe_search	selfplay	340387	19	2438196	340369
1788515718.147773515	probe_search	selfplay	340387	19	2442292	340369
1788515718.429515113	probe_search	selfplay	340387	19	2445364	340369
1788515718.704853336	probe_search	selfplay	340387	19	2449460	340369
1788515718.987644941	probe_search	selfplay	340387	19	2452532	340369
1788515719.274266894	probe_search	selfplay	340387	19	2456628	340369
1788515719.556266144	probe_search	selfplay	340387	19	2460724	340369
1788515719.830302150	probe_search	selfplay	340387	19	2463796	340369
1788515720.107491520	probe_search	selfplay	340387	19	2467892	340369
1788515720.391446661	probe_search	selfplay	340387	19	2470964	340369
1788515720.668400789	probe_search	selfplay	340387	19	2475060	340369
1788515720.956118168	probe_search	selfplay	340387	19	2479156	340369
1788515721.254272301	probe_search	selfplay	340387	19	2482228	340369
1788515721.552256877	probe_search	selfplay	340387	18	2486324	340369
1788515721.838256456	probe_search	selfplay	340387	18	2489396	340369
1788515722.127596264	probe_search	selfplay	340387	18	2493492	340369
1788515722.416055031	probe_search	selfplay	340387	18	2496564	340369
1788515722.705622739	probe_search	selfplay	340387	18	2499636	340369
1788515722.987031244	probe_search	selfplay	340387	18	2503732	340369
1788515723.269358538	probe_search	selfplay	340387	17	2506804	340369
1788515723.554819326	probe_search	selfplay	340387	17	2508852	340369
1788515723.836566478	probe_search	selfplay	340387	17	2511924	340369
1788515724.117512102	probe_search	selfplay	340387	17	2516020	340369
1788515724.397922514	probe_search	selfplay	340387	16	2518068	340369
1788515724.675773692	probe_search	selfplay	340387	16	2521140	340369
1788515724.951232431	probe_search	selfplay	340387	16	2523188	340369
1788515725.225699623	probe_search	selfplay	340387	16	2526260	340369
1788515725.498913611	probe_search	selfplay	340387	16	2528308	340369
1788515725.787052770	probe_search	selfplay	340387	16	2531380	340369
1788515726.067529586	probe_search	selfplay	340387	16	2534452	340369
1788515726.344005298	probe_search	selfplay	340387	16	2536500	340369
1788515726.621892146	probe_search	selfplay	340387	16	2539572	340369
1788515726.900044413	probe_search	selfplay	340387	15	2542644	340369
1788515727.183074181	probe_search	selfplay	340387	15	2544692	340369
1788515727.457676099	probe_search	selfplay	340387	15	2547764	340369
1788515727.739951807	probe_search	selfplay	340387	15	2549812	340369
1788515728.015902013	probe_search	selfplay	340387	15	2551860	340369
1788515728.291459136	probe_search	selfplay	340387	15	2554932	340369
1788515728.568442973	probe_search	selfplay	340387	15	2556980	340369
1788515728.850742317	probe_search	selfplay	340387	14	2559028	340369
1788515729.128680839	probe_search	selfplay	340387	14	2561076	340369
1788515729.407501092	probe_search	selfplay	340387	14	2563124	340369
1788515729.686642672	probe_search	selfplay	340387	13	2565172	340369
1788515729.970307923	probe_search	selfplay	340387	12	2566196	340369
1788515730.249875867	probe_search	selfplay	340387	12	2568244	340369
1788515730.524504525	probe_search	selfplay	340387	12	2569268	340369
1788515730.805913631	probe_search	selfplay	340387	12	2571316	340369
1788515731.082820248	probe_search	selfplay	340387	12	2572340	340369
1788515731.362250195	probe_search	selfplay	340387	12	2574388	340369
1788515731.654227890	probe_search	selfplay	340387	12	2576436	340369
1788515731.940448416	probe_search	selfplay	340387	12	2577460	340369
1788515732.227883739	probe_search	selfplay	340387	11	2579508	340369
1788515732.510661269	probe_search	selfplay	340387	11	2580532	340369
1788515732.799701117	probe_search	selfplay	340387	11	2582580	340369
1788515733.085520982	probe_search	selfplay	340387	11	2583604	340369
1788515733.372786623	probe_search	selfplay	340387	11	2584628	340369
1788515733.652055118	probe_search	selfplay	340387	10	2586676	340369
1788515733.928162294	probe_search	selfplay	340387	10	2587700	340369
1788515734.201870017	probe_search	selfplay	340387	10	2588724	340369
1788515734.477602165	probe_search	selfplay	340387	10	2589748	340369
1788515734.754321417	probe_search	selfplay	340387	10	2590772	340369
1788515735.027997771	probe_search	selfplay	340387	10	2591796	340369
1788515735.303218952	probe_search	selfplay	340387	10	2592820	340369
1788515735.580889182	probe_search	selfplay	340387	10	2593844	340369
1788515735.859537099	probe_search	selfplay	340387	10	2594868	340369
1788515736.143262569	probe_search	selfplay	340387	10	2595892	340369
1788515736.423355279	probe_search	selfplay	340387	10	2596916	340369
1788515736.703514800	probe_search	selfplay	340387	10	2597940	340369
1788515736.997242612	probe_search	selfplay	340387	9	2598964	340369
1788515737.279833786	probe_search	selfplay	340387	9	2599988	340369
1788515737.560752569	probe_search	selfplay	340387	9	2601012	340369
1788515737.842377139	probe_search	selfplay	340387	9	2601012	340369
1788515738.128211979	probe_search	selfplay	340387	9	2602036	340369
1788515738.414548905	probe_search	selfplay	340387	9	2603060	340369
1788515738.688997109	probe_search	selfplay	340387	8	2604084	340369
1788515738.968612152	probe_search	selfplay	340387	8	2604084	340369
1788515739.248532360	probe_search	selfplay	340387	8	2605108	340369
1788515739.524296805	probe_search	selfplay	340387	8	2606132	340369
1788515739.800727079	probe_search	selfplay	340387	8	2606132	340369
1788515740.082636529	probe_search	selfplay	340387	8	2607156	340369
1788515740.356968239	probe_search	selfplay	340387	8	2608180	340369
1788515740.634029230	probe_search	selfplay	340387	8	2609204	340369
1788515740.908951962	probe_search	selfplay	340387	8	2609204	340369
1788515741.182850984	probe_search	selfplay	340387	8	2610228	340369
1788515741.460773055	probe_search	selfplay	340387	8	2611252	340369
1788515741.736568913	probe_search	selfplay	340387	8	2611252	340369
1788515742.029672808	probe_search	selfplay	340387	8	2612276	340369
1788515742.308138871	probe_search	selfplay	340387	8	2612276	340369
1788515742.592555221	probe_search	selfplay	340387	8	2613300	340369
1788515742.885719076	probe_search	selfplay	340387	8	2614324	340369
1788515743.171932113	probe_search	selfplay	340387	8	2614324	340369
1788515743.449735862	probe_search	selfplay	340387	8	2615348	340369
1788515743.727684648	probe_search	selfplay	340387	8	2615348	340369
1788515744.008118167	probe_search	selfplay	340387	8	2616372	340369
1788515744.282231123	probe_search	selfplay	340387	8	2617396	340369
1788515744.557005560	probe_search	selfplay	340387	8	2617396	340369
1788515744.834019948	probe_search	selfplay	340387	8	2618420	340369
1788515745.114893613	probe_search	selfplay	340387	8	2619444	340369
1788515745.399126056	probe_search	selfplay	340387	8	2619444	340369
1788515745.687518319	probe_search	selfplay	340387	8	2620468	340369
1788515745.967827985	probe_search	selfplay	340387	8	2620468	340369
1788515746.249095201	probe_search	selfplay	340387	8	2621492	340369
1788515746.529424824	probe_search	selfplay	340387	8	2621492	340369
1788515746.805016682	probe_search	selfplay	340387	8	2622516	340369
1788515747.079203414	probe_search	selfplay	340387	8	2623540	340369
1788515747.356182808	probe_search	selfplay	340387	8	2623540	340369
1788515747.630875280	probe_search	selfplay	340387	8	2624564	340369
1788515747.917427830	probe_search	selfplay	340387	8	2624564	340369
1788515748.192437538	probe_search	selfplay	340387	8	2626612	340369
1788515748.477350067	probe_search	selfplay	340387	8	2626612	340369
1788515748.757026899	probe_search	selfplay	340387	8	2627636	340369
1788515749.049420345	probe_search	selfplay	340387	8	2628660	340369
1788515749.332409858	probe_search	selfplay	340387	8	2628660	340369
1788515749.627449129	probe_search	selfplay	340387	8	2629684	340369
1788515749.903791916	probe_search	selfplay	340387	8	2630708	340369
1788515750.188138062	probe_search	selfplay	340387	8	2630708	340369
1788515750.467382828	probe_search	selfplay	340387	8	2631732	340369
1788515750.748268416	probe_search	selfplay	340387	8	2632756	340369
1788515751.023815897	probe_search	selfplay	340387	8	2632756	340369
1788515751.299644057	probe_search	selfplay	340387	8	2633780	340369
1788515751.576851825	probe_search	selfplay	340387	8	2633780	340369
1788515751.865400088	probe_search	selfplay	340387	8	2634804	340369
1788515752.152454964	probe_search	selfplay	340387	8	2635828	340369
1788515752.439115201	probe_search	selfplay	340387	8	2636852	340369
1788515752.723724213	probe_search	selfplay	340387	8	2636852	340369
1788515752.999119020	probe_search	selfplay	340387	8	2637876	340369
1788515753.279540902	probe_search	selfplay	340387	8	2638900	340369
1788515753.553938074	probe_search	selfplay	340387	8	2638900	340369
1788515753.831725400	probe_search	selfplay	340387	8	2639924	340369
1788515754.113238452	probe_search	selfplay	340387	8	2639924	340369
1788515754.395948961	probe_search	selfplay	340387	8	2639924	340369
1788515754.677374401	probe_search	selfplay	340387	8	2640948	340369
1788515754.953685509	probe_search	selfplay	340387	8	2640948	340369
1788515755.233214409	probe_search	selfplay	340387	8	2641972	340369
1788515755.521991164	probe_search	selfplay	340387	8	2642996	340369
1788515755.809437466	probe_search	selfplay	340387	8	2642996	340369
1788515756.087121697	probe_search	selfplay	340387	8	2644020	340369
1788515756.370222595	probe_search	selfplay	340387	8	2645044	340369
1788515756.649375003	probe_search	selfplay	340387	8	2645044	340369
1788515756.944288684	probe_search	selfplay	340387	8	2646068	340369
1788515757.225995440	probe_search	selfplay	340387	8	2646068	340369
1788515757.509415918	probe_search	selfplay	340387	8	2647092	340369
1788515757.785677916	probe_search	selfplay	340387	8	2647092	340369
1788515758.062150406	probe_search	selfplay	340387	8	2648116	340369
1788515758.343002111	probe_search	selfplay	340387	8	2649140	340369
1788515758.623295499	probe_search	selfplay	340387	8	2650164	340369
1788515758.901181108	probe_search	selfplay	340387	8	2650164	340369
1788515759.183202332	probe_search	selfplay	340387	6	2651160	340369
1788515759.464953003	probe_search	selfplay	340387	6	2651160	340369
1788515759.744479294	probe_search	selfplay	340387	6	2651160	340369
1788515760.024410409	probe_search	selfplay	340387	6	2651160	340369
1788515760.306508571	probe_search	selfplay	340387	6	2651160	340369
1788515760.578382246	probe_search	selfplay	340387	6	2651160	340369
1788515760.858170095	probe_search	selfplay	340387	5	2649112	340369
1788515761.136401577	probe_search	selfplay	340387	5	2649112	340369
1788515761.413035596	probe_search	selfplay	340387	5	2649112	340369
1788515761.687164593	probe_search	selfplay	340387	5	2358072	340369
1788515768.440294369	probe_train	train	343312	4	33792	343292
1788515768.739178099	probe_train	train	343312	4	367792	343292
1788515769.023988487	probe_train	train	343312	4	476336	343292
1788515769.309981616	probe_train	train	343312	4	497840	343292
1788515769.588643870	probe_train	train	343312	4	513200	343292
1788515769.868991538	probe_train	train	343312	4	532656	343292
1788515770.147121524	probe_train	train	343312	4	562352	343292
1788515770.434326128	probe_train	train	343312	4	626864	343292
1788515770.717271150	probe_train	train	343312	4	642440	343292
1788515771.006328199	probe_train	train	343312	4	656980	343292
1788515771.282760325	probe_train	train	343312	5	671316	343292
1788515771.564413415	probe_train	train	343312	5	671316	343292
1788515771.842731498	probe_train	train	343312	5	674388	343292
1788515772.119430759	probe_train	train	343312	5	690772	343292
1788515772.397071678	probe_train	train	343312	5	712276	343292
1788515772.680502657	probe_train	train	343312	5	811176	343292
1788515772.960439364	probe_train	train	343312	5	913536	343292
1788515773.245078979	probe_train	train	343312	5	1020332	343292
1788515773.524685541	probe_train	train	343312	5	1082796	343292
1788515773.802944946	probe_train	train	343312	5	1099180	343292
1788515774.092975018	probe_train	train	343312	5	1265068	343292
1788515774.382000478	probe_train	train	343312	5	1334700	343292
1788515774.672302121	probe_train	train	343312	5	1413540	343292
1788515774.958863580	probe_train	train	343312	6	1568456	343292
1788515775.246312487	probe_train	train	343312	7	1761032	343292
1788515775.537869144	probe_train	train	343312	10	1892316	343292
1788515775.829737398	probe_train	train	343312	10	1892316	343292
1788515776.119725850	probe_train	train	343312	10	1892316	343292
1788515776.405678432	probe_train	train	343312	10	1892316	343292
1788515776.694047739	probe_train	train	343312	10	1892316	343292
1788515776.974178381	probe_train	train	343312	10	1892316	343292
1788515777.252946755	probe_train	train	343312	10	1892316	343292
1788515777.534076097	probe_train	train	343312	10	1892316	343292
1788515777.809321459	probe_train	train	343312	10	1892316	343292
1788515778.088543997	probe_train	train	343312	10	1892316	343292
1788515778.371781704	probe_train	train	343312	10	1892316	343292
1788515778.650147904	probe_train	train	343312	10	1892316	343292
1788515778.934657879	probe_train	train	343312	10	1892316	343292
1788515779.214658159	probe_train	train	343312	10	1892316	343292
1788515779.496180586	probe_train	train	343312	10	1892316	343292
1788515779.772170915	probe_train	train	343312	10	1892316	343292
1788515780.048365248	probe_train	train	343312	10	1892316	343292
1788515780.338302680	probe_train	train	343312	10	1892316	343292
1788515780.618728599	probe_train	train	343312	10	1892316	343292
1788515780.898048852	probe_train	train	343312	11	2160800	343292
1788515781.188788681	probe_train	train	343312	11	2319256	343292
1788515781.481378356	probe_train	train	343312	11	2364312	343292
1788515781.760427260	probe_train	train	343312	11	2435336	343292
1788515782.046592236	probe_train	train	343312	11	2510360	343292
1788515782.329311793	probe_train	train	343312	12	2520668	343292
1788515782.621890984	probe_train	train	343312	12	2520668	343292
1788515782.904970788	probe_train	train	343312	12	2520668	343292
1788515783.196044177	probe_train	train	343312	12	2520668	343292
1788515783.481799817	probe_train	train	343312	12	2521692	343292
1788515783.761075704	probe_train	train	343312	13	2522716	343292
1788515784.044109897	probe_train	train	343312	13	2523740	343292
1788515784.334584451	probe_train	train	343312	13	2524764	343292
1788515784.622648692	probe_train	train	343312	13	2529884	343292
1788515784.905342264	probe_train	train	343312	13	2550364	343292
1788515785.190335245	probe_train	train	343312	13	2590300	343292
1788515785.471673333	probe_train	train	343312	13	2594660	343292
1788515785.756358828	probe_train	train	343312	13	2594660	343292
1788515786.036185311	probe_train	train	343312	13	2615392	343292
1788515786.318323430	probe_train	train	343312	13	2617440	343292
1788515786.607639869	probe_train	train	343312	13	2617440	343292
1788515786.899087236	probe_train	train	343312	14	2630756	343292
1788515787.190760675	probe_train	train	343312	14	2631780	343292
1788515787.467655227	probe_train	train	343312	14	2631780	343292
1788515787.750889420	probe_train	train	343312	14	2631780	343292
1788515788.040161616	probe_train	train	343312	14	2631780	343292
1788515788.323552015	probe_train	train	343312	14	2631780	343292
1788515788.607181062	probe_train	train	343312	14	2631780	343292
1788515788.890512741	probe_train	train	343312	14	2632804	343292
1788515789.172972588	probe_train	train	343312	14	2632804	343292
1788515789.457541855	probe_train	train	343312	14	2633828	343292
1788515789.749835304	probe_train	train	343312	14	2633828	343292
1788515790.033010248	probe_train	train	343312	14	2648164	343292
1788515790.313035498	probe_train	train	343312	14	2623628	343292
1788515790.592682950	probe_train	train	343312	14	2623628	343292
1788515790.872123955	probe_train	train	343312	14	2623628	343292
1788515791.164362278	probe_train	train	343312	14	2623628	343292
1788515791.452900680	probe_train	train	343312	14	2623628	343292
1788515791.734241105	probe_train	train	343312	14	2623628	343292
1788515792.011752647	probe_train	train	343312	14	2623628	343292
1788515792.302474892	probe_train	train	343312	14	2623628	343292
1788515792.611467192	probe_train	train	343312	14	2623628	343292
1788515792.901726891	probe_train	train	343312	14	2623628	343292
1788515793.194613512	probe_train	train	343312	14	2623628	343292
1788515793.485793114	probe_train	train	343312	14	2623628	343292
1788515793.773651338	probe_train	train	343312	14	2623628	343292
1788515794.059899287	probe_train	train	343312	14	2623628	343292
1788515794.340764408	probe_train	train	343312	14	2623628	343292
1788515794.620860888	probe_train	train	343312	14	2623628	343292
1788515794.903341239	probe_train	train	343312	14	2623628	343292
1788515795.185827929	probe_train	train	343312	14	2623628	343292
1788515795.469431908	probe_train	train	343312	14	2623628	343292
1788515795.753503653	probe_train	train	343312	14	2623628	343292
1788515796.040399472	probe_train	train	343312	14	2623628	343292
1788515796.333957787	probe_train	train	343312	14	2623628	343292
1788515796.624146067	probe_train	train	343312	14	2623628	343292
1788515796.897886391	probe_train	train	343312	14	2623628	343292
1788515797.178054716	probe_train	train	343312	14	2623628	343292
1788515797.459667606	probe_train	train	343312	14	2623628	343292
1788515797.732532678	probe_train	train	343312	14	2623628	343292
1788515798.017123753	probe_train	train	343312	14	2623628	343292
1788515798.295163080	probe_train	train	343312	14	2623628	343292
1788515798.573084498	probe_train	train	343312	14	2623628	343292
1788515798.852704182	probe_train	train	343312	14	2623628	343292
1788515799.135245991	probe_train	train	343312	14	2623628	343292
1788515799.411503151	probe_train	train	343312	14	2623628	343292
1788515799.691591844	probe_train	train	343312	14	2623628	343292
1788515799.964628022	probe_train	train	343312	14	2623628	343292
1788515800.241810084	probe_train	train	343312	14	2626660	343292
1788515800.524020226	probe_train	train	343312	14	2626660	343292
1788515800.806965323	probe_train	train	343312	14	2660496	343292
1788515801.084881830	probe_train	train	343312	14	2680976	343292
1788515801.370440875	probe_train	train	343312	14	2713728	343292
1788515801.659380136	probe_train	train	343312	14	2736256	343292
1788515801.940470102	probe_train	train	343312	14	2760604	343292
1788515802.216286890	probe_train	train	343312	14	2785180	343292
1788515802.495486127	probe_train	train	343312	14	2788252	343292
1788515802.777557916	probe_train	train	343312	14	2803612	343292
1788515803.058883845	probe_train	train	343312	14	2849620	343292
1788515803.343276068	probe_train	train	343312	14	2872148	343292
1788515803.621647049	probe_train	train	343312	14	3235668	343292
1788515803.907770105	probe_train	train	343312	14	3271508	343292
1788515804.200073322	probe_train	train	343312	14	3271508	343292
1788515804.501416507	probe_train	train	343312	14	3271508	343292
1788515804.780530596	probe_train	train	343312	14	3271508	343292
1788515805.059700334	probe_train	train	343312	14	3312468	343292
1788515805.335343680	probe_train	train	343312	14	3390292	343292
1788515805.611610500	probe_train	train	343312	14	3390292	343292
1788515805.893460241	probe_train	train	343312	14	3390292	343292
1788515806.170178397	probe_train	train	343312	14	3390292	343292
1788515806.443845147	probe_train	train	343312	14	3390292	343292
1788515806.722318933	probe_train	train	343312	14	3390292	343292
1788515806.996100777	probe_train	train	343312	14	3390292	343292
1788515807.275562694	probe_train	train	343312	14	3391316	343292
1788515807.551301276	probe_train	train	343312	13	3360836	343292
1788515807.849463241	probe_train	train	343312	13	3360836	343292
1788515808.132506401	probe_train	train	343312	13	3360836	343292
1788515808.416064896	probe_train	train	343312	13	3360836	343292
1788515808.694491295	probe_train	train	343312	13	3360836	343292
1788515808.976858638	probe_train	train	343312	13	3360836	343292
1788515809.262266329	probe_train	train	343312	13	3360836	343292
1788515809.544795600	probe_train	train	343312	13	3360836	343292
1788515809.823633509	probe_train	train	343312	13	3360836	343292
1788515810.099716807	probe_train	train	343312	13	3360836	343292
1788515810.377120525	probe_train	train	343312	13	3360836	343292
1788515810.654593781	probe_train	train	343312	13	3365956	343292
1788515810.938658044	probe_train	train	343312	13	3365956	343292
1788515811.213994836	probe_train	train	343312	13	3365956	343292
1788515811.490080200	probe_train	train	343312	13	3365956	343292
1788515811.771433172	probe_train	train	343312	13	3365956	343292
1788515812.058958229	probe_train	train	343312	13	3365956	343292
1788515812.340647298	probe_train	train	343312	13	3365956	343292
1788515812.622709949	probe_train	train	343312	13	3365956	343292
1788515812.899355915	probe_train	train	343312	13	3365956	343292
1788515813.181789104	probe_train	train	343312	13	3365956	343292
1788515813.459964272	probe_train	train	343312	13	3365956	343292
1788515813.739731425	probe_train	train	343312	13	3365956	343292
1788515814.015872113	probe_train	train	343312	13	3365956	343292
1788515814.304745853	probe_train	train	343312	13	3365956	343292
1788515814.585935983	probe_train	train	343312	13	3365956	343292
1788515814.864690824	probe_train	train	343312	13	3365956	343292
1788515815.145824008	probe_train	train	343312	13	3365956	343292
1788515815.433251439	probe_train	train	343312	13	3365956	343292
1788515815.716368228	probe_train	train	343312	13	3365956	343292
1788515815.993567964	probe_train	train	343312	13	3365956	343292
1788515816.273224392	probe_train	train	343312	13	3365956	343292
1788515816.555882227	probe_train	train	343312	13	3365956	343292
1788515816.838490557	probe_train	train	343312	13	3365956	343292
1788515817.116283083	probe_train	train	343312	14	3387240	343292
1788515817.396980406	probe_train	train	343312	14	3397480	343292
1788515817.681489293	probe_train	train	343312	14	3397480	343292
1788515817.964100271	probe_train	train	343312	14	3397480	343292
1788515818.237665238	probe_train	train	343312	14	3397480	343292
1788515818.517795999	probe_train	train	343312	14	3397480	343292
1788515818.796809227	probe_train	train	343312	14	3397480	343292
1788515819.077362154	probe_train	train	343312	14	3397480	343292
1788515819.357423678	probe_train	train	343312	14	3397480	343292
1788515819.635155913	probe_train	train	343312	13	3367576	343292
1788515819.914512174	probe_train	train	343312	13	3367576	343292
1788515820.190317916	probe_train	train	343312	13	3367576	343292
1788515820.463609630	probe_train	train	343312	13	3367576	343292
1788515820.739792411	probe_train	train	343312	13	3367576	343292
1788515821.019280848	probe_train	train	343312	13	3367576	343292
1788515821.304180880	probe_train	train	343312	13	3367576	343292
1788515821.589216058	probe_train	train	343312	13	3367576	343292
1788515821.881552745	probe_train	train	343312	13	3367576	343292
1788515822.160887754	probe_train	train	343312	13	3367576	343292
1788515822.454112391	probe_train	train	343312	13	3367576	343292
1788515822.746128359	probe_train	train	343312	13	3367576	343292
1788515823.028549821	probe_train	train	343312	13	3367576	343292
1788515823.303884703	probe_train	train	343312	13	3367576	343292
1788515823.582442302	probe_train	train	343312	13	3367576	343292
1788515823.858234061	probe_train	train	343312	13	3367576	343292
1788515824.146005118	probe_train	train	343312	13	3367576	343292
1788515824.432121845	probe_train	train	343312	13	3367576	343292
1788515824.712037749	probe_train	train	343312	13	3367576	343292
1788515824.992523848	probe_train	train	343312	13	3367576	343292
1788515825.273863245	probe_train	train	343312	13	3367576	343292
1788515825.557040809	probe_train	train	343312	13	3367576	343292
1788515825.832922567	probe_train	train	343312	13	3367576	343292
1788515826.108519161	probe_train	train	343312	13	3367576	343292
1788515826.394335303	probe_train	train	343312	13	3367576	343292
1788515826.672011034	probe_train	train	343312	13	3367576	343292
1788515826.948796176	probe_train	train	343312	13	3367576	343292
1788515827.227894134	probe_train	train	343312	13	3367576	343292
1788515827.506535469	probe_train	train	343312	13	3367576	343292
1788515827.789319740	probe_train	train	343312	13	3367576	343292
1788515828.072588510	probe_train	train	343312	13	3367576	343292
1788515828.360190424	probe_train	train	343312	13	3367576	343292
1788515828.651956094	probe_train	train	343312	13	3367576	343292
1788515828.927731189	probe_train	train	343312	13	3367576	343292
1788515829.210567853	probe_train	train	343312	14	3398184	343292
1788515834.767398278	probe_train	train	345147	1	1024	343292
1788515834.767398278	probe_train	train	345148	1	0	345147
1788515835.047844139	probe_train	train	345147	1	1024	343292
1788515835.047844139	probe_train	train	345148	4	175104	345147
1788515835.327336637	probe_train	train	345147	1	1024	343292
1788515835.327336637	probe_train	train	345148	4	390144	345147
1788515835.607214665	probe_train	train	345147	1	1024	343292
1788515835.607214665	probe_train	train	345148	4	480256	345147
1788515835.897965007	probe_train	train	345147	1	1024	343292
1788515835.897965007	probe_train	train	345148	4	502784	345147
1788515836.182272022	probe_train	train	345147	1	1024	343292
1788515836.182272022	probe_train	train	345148	4	517120	345147
1788515836.461638195	probe_train	train	345147	1	1024	343292
1788515836.461638195	probe_train	train	345148	4	538624	345147
1788515836.739429625	probe_train	train	345147	1	1024	343292
1788515836.739429625	probe_train	train	345148	4	570368	345147
1788515837.033740745	probe_train	train	345147	1	1024	343292
1788515837.033740745	probe_train	train	345148	4	630784	345147
1788515837.309653725	probe_train	train	345147	1	1024	343292
1788515837.309653725	probe_train	train	345148	4	649216	345147
1788515837.587990381	probe_train	train	345147	1	1024	343292
1788515837.587990381	probe_train	train	345148	4	667924	345147
1788515837.868710605	probe_train	train	345147	1	1024	343292
1788515837.868710605	probe_train	train	345148	5	686356	345147
1788515838.145183903	probe_train	train	345147	1	1024	343292
1788515838.145183903	probe_train	train	345148	5	695572	345147
1788515838.438084238	probe_train	train	345147	1	1024	343292
1788515838.438084238	probe_train	train	345148	5	763156	345147
1788515838.731099483	probe_train	train	345147	1	1024	343292
1788515838.731099483	probe_train	train	345148	5	873284	345147
1788515839.011241338	probe_train	train	345147	1	1024	343292
1788515839.011241338	probe_train	train	345148	5	1022064	345147
1788515839.291620632	probe_train	train	345147	1	1024	343292
1788515839.291620632	probe_train	train	345148	5	1086156	345147
1788515839.574643215	probe_train	train	345147	1	1024	343292
1788515839.574643215	probe_train	train	345148	5	1100492	345147
1788515839.865167808	probe_train	train	345147	1	1024	343292
1788515839.865167808	probe_train	train	345148	5	1205964	345147
1788515840.148664132	probe_train	train	345147	1	1024	343292
1788515840.148664132	probe_train	train	345148	5	1336012	345147
1788515840.436710655	probe_train	train	345147	1	1024	343292
1788515840.436710655	probe_train	train	345148	5	1391308	345147
1788515840.728255889	probe_train	train	345147	1	1024	343292
1788515840.728255889	probe_train	train	345148	5	1557212	345147
1788515841.018275113	probe_train	train	345147	1	1024	343292
1788515841.018275113	probe_train	train	345148	6	1706376	345147
1788515841.299533109	probe_train	train	345147	1	1024	343292
1788515841.299533109	probe_train	train	345148	10	1792284	345147
1788515841.589526913	probe_train	train	345147	1	1024	343292
1788515841.589526913	probe_train	train	345148	10	1792284	345147
1788515841.875649826	probe_train	train	345147	1	1024	343292
1788515841.875649826	probe_train	train	345148	10	1792284	345147
1788515842.161124505	probe_train	train	345147	1	1024	343292
1788515842.161124505	probe_train	train	345148	10	1792284	345147
1788515842.441277587	probe_train	train	345147	1	1024	343292
1788515842.441277587	probe_train	train	345148	10	1792284	345147
1788515842.732602558	probe_train	train	345147	1	1024	343292
1788515842.732602558	probe_train	train	345148	10	1792284	345147
1788515843.015911532	probe_train	train	345147	1	1024	343292
1788515843.015911532	probe_train	train	345148	10	1792284	345147
1788515843.293651756	probe_train	train	345147	1	1024	343292
1788515843.293651756	probe_train	train	345148	10	1792284	345147
1788515843.574292291	probe_train	train	345147	1	1024	343292
1788515843.574292291	probe_train	train	345148	10	1792284	345147
1788515843.853107246	probe_train	train	345147	1	1024	343292
1788515843.853107246	probe_train	train	345148	10	1792284	345147
1788515844.132142561	probe_train	train	345147	1	1024	343292
1788515844.132142561	probe_train	train	345148	10	1792284	345147
1788515844.410041865	probe_train	train	345147	1	1024	343292
1788515844.410041865	probe_train	train	345148	10	1792284	345147
1788515844.696763212	probe_train	train	345147	1	1024	343292
1788515844.696763212	probe_train	train	345148	10	1792284	345147
1788515844.974831909	probe_train	train	345147	1	1024	343292
1788515844.974831909	probe_train	train	345148	10	1792284	345147
1788515845.251757805	probe_train	train	345147	1	1024	343292
1788515845.251757805	probe_train	train	345148	10	1792284	345147
1788515845.536031330	probe_train	train	345147	1	1024	343292
1788515845.536031330	probe_train	train	345148	10	1792284	345147
1788515845.819083424	probe_train	train	345147	1	1024	343292
1788515845.819083424	probe_train	train	345148	10	1792284	345147
1788515846.094321221	probe_train	train	345147	1	1024	343292
1788515846.094321221	probe_train	train	345148	10	1792284	345147
1788515846.376719981	probe_train	train	345147	1	1024	343292
1788515846.376719981	probe_train	train	345148	10	1792284	345147
1788515846.657267992	probe_train	train	345147	1	1024	343292
1788515846.657267992	probe_train	train	345148	11	1946384	345147
1788515846.938744739	probe_train	train	345147	1	1024	343292
1788515846.938744739	probe_train	train	345148	11	2274912	345147
1788515847.227111341	probe_train	train	345147	1	1024	343292
1788515847.227111341	probe_train	train	345148	11	2310752	345147
1788515847.505611543	probe_train	train	345147	1	1024	343292
1788515847.505611543	probe_train	train	345148	11	2324064	345147
1788515847.796524976	probe_train	train	345147	1	1024	343292
1788515847.796524976	probe_train	train	345148	11	2463284	345147
1788515848.086671454	probe_train	train	345147	1	1024	343292
1788515848.086671454	probe_train	train	345148	12	2473524	345147
1788515848.368351219	probe_train	train	345147	1	1024	343292
1788515848.368351219	probe_train	train	345148	12	2474548	345147
1788515848.645821170	probe_train	train	345147	1	1024	343292
1788515848.645821170	probe_train	train	345148	12	2475572	345147
1788515848.928288561	probe_train	train	345147	1	1024	343292
1788515848.928288561	probe_train	train	345148	13	2478912	345147
1788515849.210135717	probe_train	train	345147	1	1024	343292
1788515849.210135717	probe_train	train	345148	13	2510724	345147
1788515849.493646189	probe_train	train	345147	1	1024	343292
1788515849.493646189	probe_train	train	345148	13	2559144	345147
1788515849.774762353	probe_train	train	345147	1	1024	343292
1788515849.774762353	probe_train	train	345148	13	2627468	345147
1788515850.059209658	probe_train	train	345147	1	1024	343292
1788515850.059209658	probe_train	train	345148	13	2651020	345147
1788515850.348501339	probe_train	train	345147	1	1024	343292
1788515850.348501339	probe_train	train	345148	13	2674280	345147
1788515850.624795653	probe_train	train	345147	1	1024	343292
1788515850.624795653	probe_train	train	345148	13	2699880	345147
1788515850.899946912	probe_train	train	345147	1	1024	343292
1788515850.899946912	probe_train	train	345148	13	2703976	345147
1788515851.178766594	probe_train	train	345147	1	1024	343292
1788515851.178766594	probe_train	train	345148	13	2720360	345147
1788515851.454521844	probe_train	train	345147	1	1024	343292
1788515851.454521844	probe_train	train	345148	13	2767632	345147
1788515851.745311965	probe_train	train	345147	1	1024	343292
1788515851.745311965	probe_train	train	345148	13	2806668	345147
1788515852.032113544	probe_train	train	345147	1	1024	343292
1788515852.032113544	probe_train	train	345148	14	3186572	345147
1788515852.319731385	probe_train	train	345147	1	1024	343292
1788515852.319731385	probe_train	train	345148	14	3309452	345147
1788515852.612170962	probe_train	train	345147	1	1024	343292
1788515852.612170962	probe_train	train	345148	14	3309452	345147
1788515852.899343235	probe_train	train	345147	1	1024	343292
1788515852.899343235	probe_train	train	345148	14	3309452	345147
1788515853.183967013	probe_train	train	345147	1	1024	343292
1788515853.183967013	probe_train	train	345148	14	3309452	345147
1788515853.465047487	probe_train	train	345147	1	1024	343292
1788515853.465047487	probe_train	train	345148	13	3309452	345147
1788515853.745464181	probe_train	train	345147	1	1024	343292
1788515853.745464181	probe_train	train	345148	13	3309452	345147
1788515854.024962418	probe_train	train	345147	1	1024	343292
1788515854.024962418	probe_train	train	345148	13	3309452	345147
1788515854.298431263	probe_train	train	345147	1	1024	343292
1788515854.298431263	probe_train	train	345148	13	3309452	345147
1788515854.577500113	probe_train	train	345147	1	1024	343292
1788515854.577500113	probe_train	train	345148	13	3309452	345147
1788515854.856428168	probe_train	train	345147	1	1024	343292
1788515854.856428168	probe_train	train	345148	13	3309452	345147
1788515855.133877966	probe_train	train	345147	1	1024	343292
1788515855.133877966	probe_train	train	345148	13	3309452	345147
1788515855.407122899	probe_train	train	345147	1	1024	343292
1788515855.407122899	probe_train	train	345148	13	3309452	345147
1788515855.703686286	probe_train	train	345147	1	1024	343292
1788515855.703686286	probe_train	train	345148	13	3309452	345147
1788515855.985160383	probe_train	train	345147	1	1024	343292
1788515855.985160383	probe_train	train	345148	13	3309452	345147
1788515856.263146261	probe_train	train	345147	1	1024	343292
1788515856.263146261	probe_train	train	345148	13	3309452	345147
1788515856.539126609	probe_train	train	345147	1	1024	343292
1788515856.539126609	probe_train	train	345148	13	3309452	345147
1788515856.817477649	probe_train	train	345147	1	1024	343292
1788515856.817477649	probe_train	train	345148	13	3309452	345147
1788515857.102133659	probe_train	train	345147	1	1024	343292
1788515857.102133659	probe_train	train	345148	13	3309452	345147
1788515857.380027233	probe_train	train	345147	1	1024	343292
1788515857.380027233	probe_train	train	345148	13	3309452	345147
1788515857.654995386	probe_train	train	345147	1	1024	343292
1788515857.654995386	probe_train	train	345148	13	3309452	345147
1788515857.934308937	probe_train	train	345147	1	1024	343292
1788515857.934308937	probe_train	train	345148	13	3309452	345147
1788515858.216514636	probe_train	train	345147	1	1024	343292
1788515858.216514636	probe_train	train	345148	13	3309452	345147
1788515858.493874214	probe_train	train	345147	1	1024	343292
1788515858.493874214	probe_train	train	345148	13	3309452	345147
1788515858.780897172	probe_train	train	345147	1	1024	343292
1788515858.780897172	probe_train	train	345148	13	3309452	345147
1788515859.060433655	probe_train	train	345147	1	1024	343292
1788515859.060433655	probe_train	train	345148	13	3309452	345147
1788515859.335512405	probe_train	train	345147	1	1024	343292
1788515859.335512405	probe_train	train	345148	13	3309452	345147
1788515859.612404035	probe_train	train	345147	1	1024	343292
1788515859.612404035	probe_train	train	345148	13	3309452	345147
1788515859.887954455	probe_train	train	345147	1	1024	343292
1788515859.887954455	probe_train	train	345148	13	3309452	345147
1788515860.171315847	probe_train	train	345147	1	1024	343292
1788515860.171315847	probe_train	train	345148	13	3309452	345147
1788515860.445399956	probe_train	train	345147	1	1024	343292
1788515860.445399956	probe_train	train	345148	13	3309452	345147
1788515860.737427005	probe_train	train	345147	1	1024	343292
1788515860.737427005	probe_train	train	345148	13	3309452	345147
1788515861.031114706	probe_train	train	345147	1	1024	343292
1788515861.031114706	probe_train	train	345148	13	3309452	345147
1788515861.319093014	probe_train	train	345147	1	1024	343292
1788515861.319093014	probe_train	train	345148	13	3309452	345147
1788515861.602876408	probe_train	train	345147	1	1024	343292
1788515861.602876408	probe_train	train	345148	13	3309452	345147
1788515861.884448378	probe_train	train	345147	1	1024	343292
1788515861.884448378	probe_train	train	345148	13	3309452	345147
1788515862.162194035	probe_train	train	345147	1	1024	343292
1788515862.162194035	probe_train	train	345148	13	3309452	345147
1788515862.445818020	probe_train	train	345147	1	1024	343292
1788515862.445818020	probe_train	train	345148	13	3309452	345147
1788515862.730859933	probe_train	train	345147	1	1024	343292
1788515862.730859933	probe_train	train	345148	13	3309452	345147
1788515863.016342073	probe_train	train	345147	1	1024	343292
1788515863.016342073	probe_train	train	345148	14	3309452	345147
1788515863.303161835	probe_train	train	345147	1	1024	343292
1788515863.303161835	probe_train	train	345148	14	3309452	345147
1788515863.592164455	probe_train	train	345147	1	1024	343292
1788515863.592164455	probe_train	train	345148	14	3309452	345147
1788515863.878622675	probe_train	train	345147	1	1024	343292
1788515863.878622675	probe_train	train	345148	14	3309452	345147
1788515864.171315237	probe_train	train	345147	1	1024	343292
1788515864.171315237	probe_train	train	345148	13	3309452	345147
1788515864.464488230	probe_train	train	345147	1	1024	343292
1788515864.464488230	probe_train	train	345148	13	3309452	345147
1788515864.782274377	probe_train	train	345147	1	1024	343292
1788515864.782274377	probe_train	train	345148	13	3309452	345147
1788515865.071004416	probe_train	train	345147	1	1024	343292
1788515865.071004416	probe_train	train	345148	13	3309452	345147
1788515865.353123094	probe_train	train	345147	1	1024	343292
1788515865.353123094	probe_train	train	345148	13	3309452	345147
1788515865.635289741	probe_train	train	345147	1	1024	343292
1788515865.635289741	probe_train	train	345148	13	3309452	345147
1788515865.912735203	probe_train	train	345147	1	1024	343292
1788515865.912735203	probe_train	train	345148	13	3309452	345147
1788515866.191895784	probe_train	train	345147	1	1024	343292
1788515866.191895784	probe_train	train	345148	13	3309452	345147
1788515866.477444858	probe_train	train	345147	1	1024	343292
1788515866.477444858	probe_train	train	345148	13	3309452	345147
1788515866.761452060	probe_train	train	345147	1	1024	343292
1788515866.761452060	probe_train	train	345148	13	3309452	345147
1788515867.042821615	probe_train	train	345147	1	1024	343292
1788515867.042821615	probe_train	train	345148	13	3309452	345147
1788515867.331532717	probe_train	train	345147	1	1024	343292
1788515867.331532717	probe_train	train	345148	13	3309452	345147
1788515867.625714319	probe_train	train	345147	1	1024	343292
1788515867.625714319	probe_train	train	345148	13	3309452	345147
1788515867.910900253	probe_train	train	345147	1	1024	343292
1788515867.910900253	probe_train	train	345148	13	3309452	345147
1788515868.188458242	probe_train	train	345147	1	1024	343292
1788515868.188458242	probe_train	train	345148	13	3309452	345147
1788515868.476846712	probe_train	train	345147	1	1024	343292
1788515868.476846712	probe_train	train	345148	13	3309452	345147
1788515868.757702254	probe_train	train	345147	1	1024	343292
1788515868.757702254	probe_train	train	345148	13	3309452	345147
1788515869.043511322	probe_train	train	345147	1	1024	343292
1788515869.043511322	probe_train	train	345148	13	3309452	345147
1788515869.320531734	probe_train	train	345147	1	1024	343292
1788515869.320531734	probe_train	train	345148	13	3309452	345147
1788515869.601247132	probe_train	train	345147	1	1024	343292
1788515869.601247132	probe_train	train	345148	13	3309452	345147
1788515869.877576512	probe_train	train	345147	1	1024	343292
1788515869.877576512	probe_train	train	345148	13	3309452	345147
1788515870.160482951	probe_train	train	345147	1	1024	343292
1788515870.160482951	probe_train	train	345148	13	3309452	345147
1788515870.438892491	probe_train	train	345147	1	1024	343292
1788515870.438892491	probe_train	train	345148	13	3309452	345147
1788515870.729900936	probe_train	train	345147	1	1024	343292
1788515870.729900936	probe_train	train	345148	13	3309452	345147
1788515871.001946992	probe_train	train	345147	1	1024	343292
1788515871.001946992	probe_train	train	345148	13	3309452	345147
1788515871.273127527	probe_train	train	345147	1	1024	343292
1788515871.273127527	probe_train	train	345148	13	3309452	345147
1788515871.548238360	probe_train	train	345147	1	1024	343292
1788515871.548238360	probe_train	train	345148	13	3309452	345147
1788515871.824816409	probe_train	train	345147	1	1024	343292
1788515871.824816409	probe_train	train	345148	13	3309452	345147
1788515872.099879580	probe_train	train	345147	1	1024	343292
1788515872.099879580	probe_train	train	345148	13	3309452	345147
1788515872.379227891	probe_train	train	345147	1	1024	343292
1788515872.379227891	probe_train	train	345148	13	3309452	345147
1788515872.661803046	probe_train	train	345147	1	1024	343292
1788515872.661803046	probe_train	train	345148	13	3309452	345147
1788515872.940763809	probe_train	train	345147	1	1024	343292
1788515872.940763809	probe_train	train	345148	13	3309452	345147
1788515873.216591671	probe_train	train	345147	1	1024	343292
1788515873.216591671	probe_train	train	345148	13	3309452	345147
1788515873.493578186	probe_train	train	345147	1	1024	343292
1788515873.493578186	probe_train	train	345148	13	3309452	345147
1788515873.769721574	probe_train	train	345147	1	1024	343292
1788515873.769721574	probe_train	train	345148	14	3323280	345147
1788515874.047773981	probe_train	train	345147	1	1024	343292
1788515874.047773981	probe_train	train	345148	14	3323280	345147
1788515874.321649321	probe_train	train	345147	1	1024	343292
1788515874.321649321	probe_train	train	345148	14	3323280	345147
1788515874.603723641	probe_train	train	345147	1	1024	343292
1788515874.603723641	probe_train	train	345148	14	3323280	345147
1788515874.891622204	probe_train	train	345147	1	1024	343292
1788515874.891622204	probe_train	train	345148	14	3323280	345147
1788515875.169136675	probe_train	train	345147	1	1024	343292
1788515875.169136675	probe_train	train	345148	14	3323280	345147
1788515875.450480129	probe_train	train	345147	1	1024	343292
1788515875.450480129	probe_train	train	345148	14	3323280	345147
1788515875.735788775	probe_train	train	345147	1	1024	343292
1788515875.735788775	probe_train	train	345148	14	3323280	345147
1788515876.018806104	probe_train	train	345147	1	1024	343292
1788515876.018806104	probe_train	train	345148	13	3293628	345147
1788515876.298989630	probe_train	train	345147	1	1024	343292
1788515876.298989630	probe_train	train	345148	13	3293628	345147
1788515876.582351082	probe_train	train	345147	1	1024	343292
1788515876.582351082	probe_train	train	345148	13	3293628	345147
1788515876.858692476	probe_train	train	345147	1	1024	343292
1788515876.858692476	probe_train	train	345148	13	3293628	345147
1788515877.140724875	probe_train	train	345147	1	1024	343292
1788515877.140724875	probe_train	train	345148	13	3293628	345147
1788515877.416662067	probe_train	train	345147	1	1024	343292
1788515877.416662067	probe_train	train	345148	13	3293628	345147
1788515877.697349794	probe_train	train	345147	1	1024	343292
1788515877.697349794	probe_train	train	345148	13	3293628	345147
1788515877.973159456	probe_train	train	345147	1	1024	343292
1788515877.973159456	probe_train	train	345148	13	3293628	345147
1788515878.252544919	probe_train	train	345147	1	1024	343292
1788515878.252544919	probe_train	train	345148	13	3293628	345147
1788515878.532376119	probe_train	train	345147	1	1024	343292
1788515878.532376119	probe_train	train	345148	13	3293628	345147
1788515878.808912186	probe_train	train	345147	1	1024	343292
1788515878.808912186	probe_train	train	345148	13	3293628	345147
1788515879.084760840	probe_train	train	345147	1	1024	343292
1788515879.084760840	probe_train	train	345148	13	3293628	345147
1788515879.368522507	probe_train	train	345147	1	1024	343292
1788515879.368522507	probe_train	train	345148	13	3293628	345147
1788515879.650265696	probe_train	train	345147	1	1024	343292
1788515879.650265696	probe_train	train	345148	13	3293628	345147
1788515879.923285232	probe_train	train	345147	1	1024	343292
1788515879.923285232	probe_train	train	345148	13	3293628	345147
1788515880.199506207	probe_train	train	345147	1	1024	343292
1788515880.199506207	probe_train	train	345148	13	3293628	345147
1788515880.487906471	probe_train	train	345147	1	1024	343292
1788515880.487906471	probe_train	train	345148	13	3293628	345147
1788515880.778623693	probe_train	train	345147	1	1024	343292
1788515880.778623693	probe_train	train	345148	13	3293628	345147
1788515881.058500893	probe_train	train	345147	1	1024	343292
1788515881.058500893	probe_train	train	345148	13	3293628	345147
1788515881.337273970	probe_train	train	345147	1	1024	343292
1788515881.337273970	probe_train	train	345148	13	3293628	345147
1788515881.611710502	probe_train	train	345147	1	1024	343292
1788515881.611710502	probe_train	train	345148	13	3293628	345147
1788515881.885405315	probe_train	train	345147	1	1024	343292
1788515881.885405315	probe_train	train	345148	13	3293628	345147
1788515882.165459176	probe_train	train	345147	1	1024	343292
1788515882.165459176	probe_train	train	345148	13	3293628	345147
1788515882.451704647	probe_train	train	345147	1	1024	343292
1788515882.451704647	probe_train	train	345148	13	3293628	345147
1788515882.745231266	probe_train	train	345147	1	1024	343292
1788515882.745231266	probe_train	train	345148	13	3293628	345147
1788515883.029643858	probe_train	train	345147	1	1024	343292
1788515883.029643858	probe_train	train	345148	13	3293628	345147
1788515883.304875352	probe_train	train	345147	1	1024	343292
1788515883.304875352	probe_train	train	345148	13	3293628	345147
1788515883.578631418	probe_train	train	345147	1	1024	343292
1788515883.578631418	probe_train	train	345148	13	3293628	345147
1788515883.858827736	probe_train	train	345147	1	1024	343292
1788515883.858827736	probe_train	train	345148	13	3293628	345147
1788515884.139093137	probe_train	train	345147	1	1024	343292
1788515884.139093137	probe_train	train	345148	13	3293628	345147
1788515884.423040314	probe_train	train	345147	1	1024	343292
1788515884.423040314	probe_train	train	345148	13	3293628	345147
1788515884.695771175	probe_train	train	345147	1	1024	343292
1788515884.695771175	probe_train	train	345148	13	3293628	345147
1788515884.975783019	probe_train	train	345147	1	1024	343292
1788515884.975783019	probe_train	train	345148	13	3293628	345147
1788515885.250881055	probe_train	train	345147	1	1024	343292
1788515885.250881055	probe_train	train	345148	13	3293628	345147
1788515885.529508650	probe_train	train	345147	1	1024	343292
1788515885.529508650	probe_train	train	345148	14	3310448	345147
1788515885.810020603	probe_train	train	345147	1	1024	343292
1788515885.810020603	probe_train	train	345148	14	3310448	345147
1788515886.100427477	probe_train	train	345147	1	1024	343292
1788515886.100427477	probe_train	train	345148	14	3310448	345147
1788515886.378477516	probe_train	train	345147	1	1024	343292
1788515886.378477516	probe_train	train	345148	14	3310448	345147
1788515886.667563400	probe_train	train	345147	1	1024	343292
1788515886.667563400	probe_train	train	345148	13	3310448	345147
1788515886.943485229	probe_train	train	345147	1	1024	343292
1788515886.943485229	probe_train	train	345148	13	3310448	345147
1788515887.227815248	probe_train	train	345147	1	1024	343292
1788515887.227815248	probe_train	train	345148	13	3310448	345147
1788515887.503201323	probe_train	train	345147	1	1024	343292
1788515887.503201323	probe_train	train	345148	13	3310448	345147
1788515887.786413541	probe_train	train	345147	1	1024	343292
1788515887.786413541	probe_train	train	345148	13	3310448	345147
1788515888.066220459	probe_train	train	345147	1	1024	343292
1788515888.066220459	probe_train	train	345148	13	3310448	345147
1788515888.349959085	probe_train	train	345147	1	1024	343292
1788515888.349959085	probe_train	train	345148	13	3310448	345147
1788515888.640793274	probe_train	train	345147	1	1024	343292
1788515888.640793274	probe_train	train	345148	13	3310448	345147
1788515888.919729664	probe_train	train	345147	1	1024	343292
1788515888.919729664	probe_train	train	345148	13	3310448	345147
1788515889.193558386	probe_train	train	345147	1	1024	343292
1788515889.193558386	probe_train	train	345148	13	3310448	345147
1788515889.481444537	probe_train	train	345147	1	1024	343292
1788515889.481444537	probe_train	train	345148	13	3310448	345147
1788515889.760407353	probe_train	train	345147	1	1024	343292
1788515889.760407353	probe_train	train	345148	13	3310448	345147
1788515890.035452304	probe_train	train	345147	1	1024	343292
1788515890.035452304	probe_train	train	345148	13	3310448	345147
1788515890.316023752	probe_train	train	345147	1	1024	343292
1788515890.316023752	probe_train	train	345148	13	3310448	345147
1788515890.603161742	probe_train	train	345147	1	1024	343292
1788515890.603161742	probe_train	train	345148	13	3310448	345147
1788515890.879766741	probe_train	train	345147	1	1024	343292
1788515890.879766741	probe_train	train	345148	13	3310448	345147
1788515891.166283717	probe_train	train	345147	1	1024	343292
1788515891.166283717	probe_train	train	345148	13	3310448	345147
1788515891.444259552	probe_train	train	345147	1	1024	343292
1788515891.444259552	probe_train	train	345148	13	3310448	345147
1788515891.736147835	probe_train	train	345147	1	1024	343292
1788515891.736147835	probe_train	train	345148	13	3310448	345147
1788515892.016079380	probe_train	train	345147	1	1024	343292
1788515892.016079380	probe_train	train	345148	13	3310448	345147
1788515892.294153230	probe_train	train	345147	1	1024	343292
1788515892.294153230	probe_train	train	345148	13	3310448	345147
1788515892.568997185	probe_train	train	345147	1	1024	343292
1788515892.568997185	probe_train	train	345148	13	3310448	345147
1788515892.848215221	probe_train	train	345147	1	1024	343292
1788515892.848215221	probe_train	train	345148	13	3310448	345147
1788515893.122328007	probe_train	train	345147	1	1024	343292
1788515893.122328007	probe_train	train	345148	13	3310448	345147
1788515893.396452456	probe_train	train	345147	1	1024	343292
1788515893.396452456	probe_train	train	345148	13	3310448	345147
1788515893.675278681	probe_train	train	345147	1	1024	343292
1788515893.675278681	probe_train	train	345148	13	3310448	345147
1788515893.965574273	probe_train	train	345147	1	1024	343292
1788515893.965574273	probe_train	train	345148	13	3310448	345147
1788515894.243367444	probe_train	train	345147	1	1024	343292
1788515894.243367444	probe_train	train	345148	13	3310448	345147
1788515894.541366925	probe_train	train	345147	1	1024	343292
1788515894.541366925	probe_train	train	345148	13	3310448	345147
1788515894.822821240	probe_train	train	345147	1	1024	343292
1788515894.822821240	probe_train	train	345148	13	3310448	345147
1788515895.102967312	probe_train	train	345147	1	1024	343292
1788515895.102967312	probe_train	train	345148	13	3310448	345147
1788515895.382541708	probe_train	train	345147	1	1024	343292
1788515895.382541708	probe_train	train	345148	13	3310448	345147
1788515895.671234471	probe_train	train	345147	1	1024	343292
1788515895.671234471	probe_train	train	345148	13	3310448	345147
1788515895.951157313	probe_train	train	345147	1	1024	343292
1788515895.951157313	probe_train	train	345148	13	3310448	345147
1788515896.231786885	probe_train	train	345147	1	1024	343292
1788515896.231786885	probe_train	train	345148	14	3324784	345147
1788515896.506668462	probe_train	train	345147	1	1024	343292
1788515896.506668462	probe_train	train	345148	14	3324784	345147
1788515896.779740937	probe_train	train	345147	1	1024	343292
1788515896.779740937	probe_train	train	345148	14	3324784	345147
1788515897.058230438	probe_train	train	345147	1	1024	343292
1788515897.058230438	probe_train	train	345148	14	3324784	345147
1788515897.345858146	probe_train	train	345147	1	1024	343292
1788515897.345858146	probe_train	train	345148	14	3324784	345147
1788515897.629578249	probe_train	train	345147	1	1024	343292
1788515897.629578249	probe_train	train	345148	14	3324784	345147
1788515897.908452915	probe_train	train	345147	1	1024	343292
1788515897.908452915	probe_train	train	345148	14	3324784	345147
1788515898.191606196	probe_train	train	345147	1	1024	343292
1788515898.191606196	probe_train	train	345148	14	3324784	345147
1788515898.469708858	probe_train	train	345147	1	1024	343292
1788515898.469708858	probe_train	train	345148	13	3293628	345147
1788515898.761436912	probe_train	train	345147	1	1024	343292
1788515898.761436912	probe_train	train	345148	13	3293628	345147
1788515899.047507665	probe_train	train	345147	1	1024	343292
1788515899.047507665	probe_train	train	345148	13	3293628	345147
1788515899.327453782	probe_train	train	345147	1	1024	343292
1788515899.327453782	probe_train	train	345148	13	3293628	345147
1788515899.612939166	probe_train	train	345147	1	1024	343292
1788515899.612939166	probe_train	train	345148	13	3293628	345147
1788515899.902949009	probe_train	train	345147	1	1024	343292
1788515899.902949009	probe_train	train	345148	13	3293628	345147
1788515900.186331382	probe_train	train	345147	1	1024	343292
1788515900.186331382	probe_train	train	345148	13	3293628	345147
1788515900.464107959	probe_train	train	345147	1	1024	343292
1788515900.464107959	probe_train	train	345148	13	3293628	345147
1788515900.752124560	probe_train	train	345147	1	1024	343292
1788515900.752124560	probe_train	train	345148	13	3293628	345147
1788515901.027838548	probe_train	train	345147	1	1024	343292
1788515901.027838548	probe_train	train	345148	13	3293628	345147
1788515901.302797760	probe_train	train	345147	1	1024	343292
1788515901.302797760	probe_train	train	345148	13	3293628	345147
1788515901.589351637	probe_train	train	345147	1	1024	343292
1788515901.589351637	probe_train	train	345148	13	3293628	345147
1788515901.876128533	probe_train	train	345147	1	1024	343292
1788515901.876128533	probe_train	train	345148	13	3293628	345147
1788515902.153406879	probe_train	train	345147	1	1024	343292
1788515902.153406879	probe_train	train	345148	13	3293628	345147
1788515902.434526662	probe_train	train	345147	1	1024	343292
1788515902.434526662	probe_train	train	345148	13	3293628	345147
1788515902.731786249	probe_train	train	345147	1	1024	343292
1788515902.731786249	probe_train	train	345148	13	3293628	345147
1788515903.019447293	probe_train	train	345147	1	1024	343292
1788515903.019447293	probe_train	train	345148	13	3293628	345147
1788515903.302653912	probe_train	train	345147	1	1024	343292
1788515903.302653912	probe_train	train	345148	13	3293628	345147
1788515903.579355140	probe_train	train	345147	1	1024	343292
1788515903.579355140	probe_train	train	345148	13	3293628	345147
1788515903.858736859	probe_train	train	345147	1	1024	343292
1788515903.858736859	probe_train	train	345148	13	3293628	345147
1788515904.136015816	probe_train	train	345147	1	1024	343292
1788515904.136015816	probe_train	train	345148	13	3293628	345147
1788515904.416106832	probe_train	train	345147	1	1024	343292
1788515904.416106832	probe_train	train	345148	13	3293628	345147
1788515904.696689829	probe_train	train	345147	1	1024	343292
1788515904.696689829	probe_train	train	345148	13	3293628	345147
1788515904.969804206	probe_train	train	345147	1	1024	343292
1788515904.969804206	probe_train	train	345148	13	3293628	345147
1788515905.245185805	probe_train	train	345147	1	1024	343292
1788515905.245185805	probe_train	train	345148	13	3293628	345147
1788515905.521946717	probe_train	train	345147	1	1024	343292
1788515905.521946717	probe_train	train	345148	13	3293628	345147
1788515905.800054180	probe_train	train	345147	1	1024	343292
1788515905.800054180	probe_train	train	345148	13	3293628	345147
1788515906.078064819	probe_train	train	345147	1	1024	343292
1788515906.078064819	probe_train	train	345148	13	3293628	345147
1788515906.363029522	probe_train	train	345147	1	1024	343292
1788515906.363029522	probe_train	train	345148	13	3293628	345147
1788515906.640797533	probe_train	train	345147	1	1024	343292
1788515906.640797533	probe_train	train	345148	13	3293628	345147
1788515906.915770829	probe_train	train	345147	1	1024	343292
1788515906.915770829	probe_train	train	345148	13	3293628	345147
1788515907.197395221	probe_train	train	345147	1	1024	343292
1788515907.197395221	probe_train	train	345148	13	3293628	345147
1788515907.477567129	probe_train	train	345147	1	1024	343292
1788515907.477567129	probe_train	train	345148	13	3293628	345147
1788515907.771308302	probe_train	train	345147	1	1024	343292
1788515907.771308302	probe_train	train	345148	13	3293628	345147
1788515908.050468412	probe_train	train	345147	1	1024	343292
1788515908.050468412	probe_train	train	345148	14	3310448	345147
1788515908.331866350	probe_train	train	345147	1	1024	343292
1788515908.331866350	probe_train	train	345148	14	3310448	345147
1788515908.608625084	probe_train	train	345147	1	1024	343292
1788515908.608625084	probe_train	train	345148	14	3310448	345147
1788515908.897488173	probe_train	train	345147	1	1024	343292
1788515908.897488173	probe_train	train	345148	14	3310448	345147
1788515909.182595392	probe_train	train	345147	1	1024	343292
1788515909.182595392	probe_train	train	345148	13	3313520	345147
1788515909.459744021	probe_train	train	345147	1	1024	343292
1788515909.459744021	probe_train	train	345148	13	3313520	345147
1788515909.747901311	probe_train	train	345147	1	1024	343292
1788515909.747901311	probe_train	train	345148	13	3313520	345147
1788515910.024158524	probe_train	train	345147	1	1024	343292
1788515910.024158524	probe_train	train	345148	13	3313520	345147
1788515910.311888567	probe_train	train	345147	1	1024	343292
1788515910.311888567	probe_train	train	345148	13	3313520	345147
1788515910.587844351	probe_train	train	345147	1	1024	343292
1788515910.587844351	probe_train	train	345148	13	3313520	345147
1788515910.872479527	probe_train	train	345147	1	1024	343292
1788515910.872479527	probe_train	train	345148	13	3313520	345147
1788515911.150131892	probe_train	train	345147	1	1024	343292
1788515911.150131892	probe_train	train	345148	13	3313520	345147
1788515911.431807106	probe_train	train	345147	1	1024	343292
1788515911.431807106	probe_train	train	345148	13	3313520	345147
1788515911.713201588	probe_train	train	345147	1	1024	343292
1788515911.713201588	probe_train	train	345148	13	3313520	345147
1788515911.988949719	probe_train	train	345147	1	1024	343292
1788515911.988949719	probe_train	train	345148	12	3313520	345147
1788515912.273163964	probe_train	train	345147	1	1024	343292
1788515912.273163964	probe_train	train	345148	12	3313520	345147
1788515912.555003451	probe_train	train	345147	1	1024	343292
1788515912.555003451	probe_train	train	345148	12	3313520	345147
1788515912.831928175	probe_train	train	345147	1	1024	343292
1788515912.831928175	probe_train	train	345148	12	3313520	345147
1788515913.119061626	probe_train	train	345147	1	1024	343292
1788515913.119061626	probe_train	train	345148	12	3313520	345147
1788515913.398092636	probe_train	train	345147	1	1024	343292
1788515913.398092636	probe_train	train	345148	11	3312408	345147
1788515913.680658896	probe_train	train	345147	1	1024	343292
1788515913.680658896	probe_train	train	345148	11	3312408	345147
1788515913.958194100	probe_train	train	345147	1	1024	343292
1788515913.958194100	probe_train	train	345148	11	3312408	345147
1788515914.248001312	probe_train	train	345147	1	1024	343292
1788515914.248001312	probe_train	train	345148	11	3312408	345147
1788515914.530559220	probe_train	train	345147	1	1024	343292
1788515914.530559220	probe_train	train	345148	11	3237528	345147
1788515914.826706093	probe_train	train	345147	1	1024	343292
1788515914.826706093	probe_train	train	345148	11	3034672	345147
1788515915.113728988	probe_train	train	345147	1	1024	343292
1788515915.403745630	probe_train	train	345147	1	1024	343292
