timestamp,paper,result_id,name,task_id,iteration,git_commit,status,evidence_type,claim,verifier_result.verdict,evidence,dependencies,assumptions,open_obligations,provenance,actor_role,evidence_sha256,metrics.du_sb_mission_root_bytes.pass,metrics.du_sb_mission_root_bytes.threshold,metrics.du_sb_mission_root_bytes.value,metrics.group_free_bytes_df.pass,metrics.group_free_bytes_df.threshold,metrics.group_free_bytes_df.value,metrics.group_free_bytes_quotas_py.pass,metrics.group_free_bytes_quotas_py.threshold,metrics.group_free_bytes_quotas_py.value,metrics.guard_exit_contract_cases_matched.pass,metrics.guard_exit_contract_cases_matched.threshold,metrics.guard_exit_contract_cases_matched.value,metrics.validator_refutation_probes_matching_claim_as_staged.pass,metrics.validator_refutation_probes_matching_claim_as_staged.threshold,metrics.validator_refutation_probes_matching_claim_as_staged.value,node_ids,notes,provenance.admitted_by,provenance.code,provenance.host,provenance.node_id,provenance.ref_code,provenance.staged_by,provenance.task_id,provenance.upstream_lines_confirmed,provenance.upstream_lines_read,provenance.validator,provenance.worker,row_hash,supporting_evidence,verification.command,verification.timeout_s,verifier_result.command,verifier_result.detail,verifier_result.execution.command,verifier_result.execution.duration_s,verifier_result.execution.exit_code,verifier_result.execution.output_sha256,verifier_result.execution.output_tail,verifier_result.execution.ran_at,verifier_result.exit_code,verifier_result.metric.conjuncts.bash_n_loop_sbatch,verifier_result.metric.conjuncts.check_sh_exit,verifier_result.metric.conjuncts.grep_c_afterany,verifier_result.metric.conjuncts.grep_c_cpp_build_katago,verifier_result.metric.conjuncts.grep_c_cpp_katago_quote,verifier_result.metric.conjuncts.grep_c_failcount,verifier_result.metric.name,verifier_result.metric.pass,verifier_result.metric.threshold,verifier_result.metric.value,verifier_result.output,verifier_result.validator_reproductions,working_context.authority,working_context.cluster,working_context.constants.default_cycle_projection_bytes,working_context.constants.effective_soft_cap_bytes,working_context.constants.group_free_fail_bytes,working_context.constants.group_free_warn_bytes,working_context.constants.hard_cap_bytes,working_context.contract,working_context.katago,working_context.local_patch,working_context.mission_root,working_context.model_under_test,working_context.modules,working_context.python,working_context.regime,working_context.root,working_context.scope,working_context.units,working_context.upstream
2026-09-04T02:13:07.901181+00:00,arxiv-1902.10565,env-toolchain-b200,ktg-train toolchain on B200: KataGo v1.18.2 CUDA backend + torch 2.11.0+cu128,env_build,2,3549a8c,empirical,numerical_simulation,"The mission toolchain runs end to end on a B200: the KataGo v1.18.2 CUDA-backend binary passes `version` and `runtests`, carries sm_100 SASS, and evaluates a transformer (SwiGLU-FFN) net through both `benchmark` and a `gtp` genmove on a 9x9 board; and the same architecture trains under torch 2.11.0+cu128 on the GPU (forward+backward, non-zero finite gradient) at pos_len 9.",pass,results/ktg/paper_1902.10565/evidence/env/smoke.txt,"[""results/ktg/paper_1902.10565/codes/env/env_build.sbatch"", ""results/ktg/paper_1902.10565/codes/env/env.sh"", ""results/ktg/paper_1902.10565/codes/env/cmake-sm100.diff"", ""ref-code/lightvector-KataGo @ fd0723fdbc0e9d82cf269c9630af8c27c57c07c4""]","[""The smoke exercises a randomly-initialised net, so it certifies the toolchain and the transformer code paths, not any playing strength."", ""b7c96h3tfrs stands in for the eventual 9x9 architecture; it is the smallest config in python/katago/train/modelconfigs.py whose blocks are SwiGLU ('ffnsg'), which the CUDA backend requires."", ""The exported .bin is written by export_model_pytorch.py with pos_len 19 (hard-coded at export); board size is a run-time property of the engine, so the same file serves 9x9 play."", ""cuDNN comes from the nvidia-cudnn-cu12 pip wheel inside R/venv; anything running the binary must keep that lib dir on LD_LIBRARY_PATH, which R/env.sh does.""]","[""[OPEN] The 9x9 selfplay/train node must set cpp/configs/training/selfplay1_maxsize9.cfg:16 dataBoardLen and python/selfplay/train.sh:88 -pos-len to 9 together (data_processing_pytorch.py:91 asserts the npz row width matches pos_len); both still read 19 upstream and were NOT touched by this build."", ""[OPEN] No shuffle.py / train.py run yet: the training loop's data path (npz -> shuffle -> train) is unexercised."", ""[OPEN] The engine binary reports git revision '...-dirty' because of cmake-sm100.diff; re-verify the patch still applies if the clone is ever re-pinned.""]","worker, task env_build, slurm job 298018 (attempt 2); attempt 1 = job 297952, error-ledger row_hash de51c390f56e308b1b32d71d2c06c770362a29086d7ebe29332d1bf156a2f94f",worker,6573236406e6f452518db5feaaec26ac9770d96b4d195b25ccbfa52ea51badfe,,,,,,,,,,,,,,,,,"The sm_100 gap is real and silent: cpp/CMakeLists.txt:761 sets CMAKE_CUDA_ARCHITECTURES with a plain set(), which shadows -DCMAKE_CUDA_ARCHITECTURES, and its CUDA 12.8 list stops at 90/120. An unpatched build ran only via compute_90 PTX JIT; after the patch cuobjdump reports 2 sm_100 ELFs.",,,,,,,,,,,,132224ebbabcc7db6d00562e5b8d8e709f8f55dd128bec484beccc934f406b62,,test -x /scratch/schmidt/ssci-anima/ssci-haiyangw/ktg-train/build/KataGo/cpp/build/katago && grep -q 'SMOKE RESULT: PASS' results/ktg/paper_1902.10565/evidence/env/smoke.txt,,sbatch results/ktg/paper_1902.10565/codes/env/env_build.sbatch  (job 298018),,test -x /scratch/schmidt/ssci-anima/ssci-haiyangw/ktg-train/build/KataGo/cpp/build/katago && grep -q 'SMOKE RESULT: PASS' results/ktg/paper_1902.10565/evidence/env/smoke.txt,0.053,0,e3b0c44298fc1c149afbf4c8996fb92427ae41e4649b934ca495991b7852b855,,2026-09-04T02:13:07+00:00,,,,,,,,smoke_steps_passed,True,6,6,"SMOKE RESULT: PASS; sacct 298018 COMPLETED ExitCode 0:0 in 00:02:10; cuobjdump --list-elf | grep -c sm_100 = 2; benchmark 9x9 visits/s = 2322.17 at numSearchThreads=1; gtp genmove returned '= H7'; torch device NVIDIA B200 capability (10,0), 825837 params, grad l2norm 13.598043, TORCH_SMOKE_OK",,,"skipjack, partition b200, 1x NVIDIA B200 (sm_100), 16 cpus, 96G, slurm job 298018 on gb205",,,,,,,"lightvector/KataGo fd0723fdbc0e9d82cf269c9630af8c27c57c07c4 (v1.18.2), cpp built with -DUSE_BACKEND=CUDA -DCMAKE_BUILD_TYPE=Release, cuDNN from the pip wheel","results/ktg/paper_1902.10565/codes/env/cmake-sm100.diff, one line, adds 100 to the CUDA 12.8 CMAKE_CUDA_ARCHITECTURES list; applied to the scratch clone only",,"b7c96h3tfrs, freshly random-initialised, exported by python/export_model_pytorch.py; board 9x9, pos_len 9 on the torch side","gcc/12.3.0, cmake/3.30.2, cuda/12.8.1 (nvcc 12.8.93), python/3.11.9","venv at R/venv: torch 2.11.0+cu128, nvidia-cudnn-cu12 9.19.0, numpy 2.4.6, scipy 1.17.1, psutil 7.2.2, packaging 26.3, sgfmill 1.1.1",,/scratch/schmidt/ssci-anima/ssci-haiyangw/ktg-train,,,
2026-09-04T04:07:25.457697+00:00,arxiv-1902.10565,r_loop_resume_under_walltime_static,Slurm chain wrapper + mission loop copy encode the 3-day-walltime resume contract and repair three upstream defects (static),loop_resume_under_walltime,1,598413e,existence_only,existence_only,"results/ktg/paper_1902.10565/codes/loop/loop.sbatch plus the mission copies synchronous_loop_9x9.sh and export_model_for_selfplay_9x9.sh encode the run contract (1 GPU, 24 CPUs, 120G, --time 2-23:30:00 inside the 3-day MaxTime, b300-preferred/b200-fallback, self-resubmit with --dependency=afterany by absolute path, .failcount breaker at 3 with a 600 s minimum-runtime penalty, STOP brake, chain-depth cap) and repair the three upstream defects that make the stock synchronous loop unrunnable or lossy here: the binary is copied from $KATAGO_BIN (cpp/build/katago) rather than the path the CMake build never produces (synchronous_loop.sh:81), SELFPLAY_CONFIG/GATING_CONFIG point at the mission 9x9 configs rather than the mixed-board-size presets (:70-71), and the export copy renames the temp into the target before removing the source, inverting the window in which upstream export_model_for_selfplay.sh:89 destroys the checkpoint ahead of its rename at :108. The files exist, parse, and grep as stated; the binary-copy and config-resolution repairs were executed in a dry run. Behaviour under a real job, a real kill, or a real failure chain is NOT shown here.",pass,results/ktg/paper_1902.10565/evidence/loop_resume_under_walltime/verification.txt,"[""arxiv-1902.10565::env_build"", ""arxiv-1902.10565::train_resume_semantics""]","[""a01_single_node"", ""a02_gpu_cap_start_at_1"", ""a03_walltime_resume"", ""a04_b200_fallback""]","[""o04_scratch_budget"", ""o13_loop_config_paths"", ""o24_cycle_knobs_derived"", ""o25_chain_breaker_executed_proof"", ""o26_wrapper_early_exit_bypasses_breaker"", ""o27_scratch_guard_reconcile_500gib""]",,validator,64c7d132ce902b9983958aaf93d20d538721112ba76439bb028bec8a4d04546a,,,,,,,,,,,,,,,,"[""arxiv-1902.10565::loop_resume_under_walltime""]","Admitted at existence_only: the ledger has no static-verification type and nothing ran on a GPU; c07/c08 need numerical_simulation evidence from synchronous_loop_smoke and verify_preemption_resume. Validator findings recorded as obligations: o26 (F1: exits between resubmit() :157 and the breaker :221 bypass .failcount and leave the afterany successor queued, reproduced offline; F2: a post-trip successor still runs the loop once), o25 (F3: TIMEOUT/OOM/node-failure kills are invisible to the in-script counter; only an executed test can show the chain under a scheduler kill), o27 (loop.sbatch:74-75,195 and synchronous_loop_9x9.sh:190-191 carry 200/180 GiB literals while mission.json decisions[] and the amended o04 say 500 GiB via codes/data_budget/scratch_guard.sh; no closing check greps the 180 GiB literal, contrary to the worker's comment at loop.sbatch:71-72). Lesser findings kept here: F4 export change B completes an interrupted move only while TARGET is still in modelstobetested/ (after the next gatekeeper pass SRC lingers in torchmodels_toexport/, a harmless leak); F5 the in-job compute pre-flight counts this job's own GPU against the successor's request (possible silent chain break, not a runaway); F6 loop.sbatch:195 prints the soft-cap literal regardless of the override; F7 after a trip the operator must delete .failcount/.breaker_tripped to restart the chain. Unlisted upstream deviations, all harmless: NUM_TRAIN_SAMPLES_PER_SWA 80000->40000 inside the [HYPOTHESIS] knob block, mkdir -p torchmodels_toexport, the KTG_STAGE_ONLY hook. codes/cfg/*_9x9.cfg and codes/loop/train_9x9.sh (owned by cfg_9x9_override) are required by the loop copy at :132-139 and exist but are not yet committed. The worker's ad-hoc open-item names map: chain-runaway -> o25/o26, scratch-budget-propagation -> o27, production-knobs -> o24_cycle_knobs_derived.",,,,,,,,"synchronous_loop.sh:70-71,81; export_model_for_selfplay.sh:54-56,89,108 at fd0723fd",,"cross-model refuter/judge; re-ran the §2 command, bash -n, upstream diffs, the dry run and an offline chain simulation on login03 2026-09-04; record at results/ktg/paper_1902.10565/evidence/loop_resume/validation.md","node loop_resume_under_walltime, static verification on login03 2026-09-03; error-ledger trial row_hash 86d02063585027e5e342ae071886f9657715c766415a56d27b2daea43c654a66; candidate rows results/ktg/paper_1902.10565/evidence/loop_resume/candidate_rows.json",7df3425fc2927058deb39c4ef967b6318a9cdaec6beb46c804ed21ef73e56155,,"bash -n results/ktg/paper_1902.10565/codes/loop/loop.sbatch && grep -q afterany results/ktg/paper_1902.10565/codes/loop/loop.sbatch && grep -q failcount results/ktg/paper_1902.10565/codes/loop/loop.sbatch && grep -q 'cpp/build/katago' results/ktg/paper_1902.10565/codes/loop/synchronous_loop_9x9.sh && ! grep -q 'cpp/katago""' results/ktg/paper_1902.10565/codes/loop/synchronous_loop_9x9.sh && bash ""$(python3 -c 'import json;print(json.load(open(""mission.json""))[""compute""][""policyCheck""])')"" --gpus 1 --cpus 24 --partition b200",120,"bash -n results/ktg/paper_1902.10565/codes/loop/loop.sbatch && grep -q afterany results/ktg/paper_1902.10565/codes/loop/loop.sbatch && grep -q failcount results/ktg/paper_1902.10565/codes/loop/loop.sbatch && grep -q 'cpp/build/katago' results/ktg/paper_1902.10565/codes/loop/synchronous_loop_9x9.sh && ! grep -q 'cpp/katago""' results/ktg/paper_1902.10565/codes/loop/synchronous_loop_9x9.sh && bash ""$(python3 -c 'import json;print(json.load(open(""mission.json""))[""compute""][""policyCheck""])')"" --gpus 1 --cpus 24 --partition b200",,"bash -n results/ktg/paper_1902.10565/codes/loop/loop.sbatch && grep -q afterany results/ktg/paper_1902.10565/codes/loop/loop.sbatch && grep -q failcount results/ktg/paper_1902.10565/codes/loop/loop.sbatch && grep -q 'cpp/build/katago' results/ktg/paper_1902.10565/codes/loop/synchronous_loop_9x9.sh && ! grep -q 'cpp/katago""' results/ktg/paper_1902.10565/codes/loop/synchronous_loop_9x9.sh && bash ""$(python3 -c 'import json;print(json.load(open(""mission.json""))[""compute""][""policyCheck""])')"" --gpus 1 --cpus 24 --partition b200",1.963,0,9e78fb7e01be22f00e2c18a9c6db0767648e8a3de18527b06a3aea0abf10b162,"== compute-budget self-check  2026-09-04T00:07:25-04:00 ==
my jobs      : gpus=2 cpus=32  (2 jobs)
partition b200 : free_gpus=0/128 (excludes reserved/drained nodes)
partition b300 : free_gpus=0/8 (excludes reserved/drained nodes)
reservations : 8 defined (6 active) — scontrol show reservation
quota        : | /home/ssci-haiyangw/ | 3.40 GB  | 100.00 GB |  3.40%   |
quota        : | /scratch/ssci-anima/ | 37.63 TB |  40.00 TB |   94%    |
OK           : request gpus=1 cpus=24 part=b200 within policy (gpu<=4, no cpu cap)
",2026-09-04T04:07:25+00:00,0,clean,0,4,5,0,14,closing_check_conjuncts_passed,True,6,6,"== compute-budget self-check  2026-09-03T23:56:13-04:00 ==
my jobs      : gpus=2 cpus=32  (2 jobs)
partition b200 : free_gpus=0/128 (excludes reserved/drained nodes)
partition b300 : free_gpus=0/8 (excludes reserved/drained nodes)
reservations : 8 defined (6 active) — scontrol show reservation
quota        : | /home/ssci-haiyangw/ | 3.39 GB  | 100.00 GB |  3.39%   |
quota        : | /scratch/ssci-anima/ | 37.61 TB |  40.00 TB |   94%    |
OK           : request gpus=1 cpus=24 part=b200 within policy (gpu<=4, no cpu cap)
EXIT=0","[""KTG_STAGE_ONLY=1 dry run from $KATAGO_SRC: exit 0; staged bin/katago, selfplay.cfg, gatekeeper.cfg byte-identical to $KATAGO_BIN and codes/cfg/*_9x9.cfg (cmp); dataBoardLen = 9; train_9x9.sh -pos-len 9; export mv:161 before rm:162; 28 MB; BASEDIR removed"", ""offline chain simulation with sbatch/scancel/sinfo/scontrol/squeue PATH shims: crash loop trips the breaker on link 2 and cancels the queued successor (claimed arithmetic holds); early exits before the breaker section (missing env.sh -> KATAGO_SRC unbound at :213; missing LOOP_SH -> exit 2 at :209) leave .failcount at 0 and the successor queued (finding F1); a successor starting after a trip still runs the loop once (F2)""]",,"skipjack, partition b200 (b300 preferred when free), account ssci-anima",,,,,,"1 GPU, 24 CPUs, 120G, --time 2-23:30:00, self-resubmit with --dependency=afterany",,,,,,,,,"static verification plus a GPU-free archive-staging dry run; no Slurm job submitted, no GPU used",,lightvector/KataGo v1.18.2 @ fd0723fdbc0e9d82cf269c9630af8c27c57c07c4 (read-only mirror ref-code/lightvector-KataGo)
2026-09-04T04:12:22.220880+00:00,arxiv-1902.10565,data-budget-guard-500gib,500 GiB mission-scratch guard with a group free-space floor and bounded rolling retention,data_budget,6,f2f16df,conditional,empirical_measurement,"codes/data_budget/scratch_guard.sh refuses, with a non-zero exit, any cycle whose declared projected write would take du -sb of the MEASURED root past 536870912000 B (exit 1) or that would start while group scratch free space, taken as min(quotas.py, df -B1), is below 1099511627776 B (exit 2); its byte thresholds come only from the constants FILE it prints (budget.env, or $KTG_BUDGET_ENV) and cannot be loosened by a stray threshold environment variable such as KTG_SCRATCH_HARD_BYTES. The constants file, the measured root and the default per-cycle projection remain caller-selectable (KTG_BUDGET_ENV, KTG_SCRATCH_ROOT / --root, KTG_CYCLE_PROJECTED_BYTES), so the refusal holds only when the wrapper invokes the guard on the mission root with the production constants file. codes/data_budget/prune_retention.py, when given --root, bounds retention to longterm_checkpoints <= 6, rejectedmodels <= 10, selfplay <= 3 generations, scripts/dated <= 3 and shuffleddata <= 3 windows older than 2 h, sweeps orphan .tmp windows, prints its protected set before any path becomes a candidate, is dry-run unless --apply, and in --target-bytes rolling mode never drops below one shuffle window plus one selfplay generation nor removes a generation newer than the oldest retained window. Measured 2026-09-03T23:50 and again 2026-09-04T00:06 on login03 the mission root is 7558580421 B, far under the cap. Everything here is measured on the guard artefacts (fixture-driven 11-case exit-code contract, synthetic retention tree, pre-loop du); production behaviour is not yet measured.",pass,results/ktg/paper_1902.10565/evidence/data_budget/closing_measurement.txt,"[""arxiv-1902.10565::data_format_pos_len""]","[""a05_9x9_only"", ""a07_moves_per_game_80 (planning arithmetic only; no measured bytes/row is claimed here)"", ""The 1 TiB group free-space floor is a design choice, not a measurement: it is 2x the mission's whole 500 GiB budget."", ""quotas.py reports DECIMAL TB (40.00 TB matches the 40000000000000 B pool df reports), is rounded to 0.01 TB and refreshed hourly; the guard takes min(quotas.py, df -B1). This is conservative in the direction that matters: a stale-low quotas.py can only refuse spuriously, and a fast fill is caught by live df."", ""CONDITION (validator): the loop wrapper invokes scratch_guard.sh on the mission root with the production budget.env, passes --projected-bytes explicitly, and does not export KTG_SCRATCH_ROOT, KTG_CYCLE_PROJECTED_BYTES or KTG_BUDGET_ENV to other values; each is environment-selectable today."", ""CONDITION (validator): the wrapper passes --root to prune_retention.py; without it the pruner exits 3 because load_budget does not resolve the quoted ${KTG_SCRATCH_ROOT:-...} default (fail-safe, but no retention happens).""]","[""o04_scratch_budget conjunct (b) [BLOCKING]: codes/loop/loop.sbatch:74-75 still carries its own inline literals 214748364800 / 193273528320 and its own du/quotas block at :192-197; it must call scratch_guard.sh instead. Owner: node loop_resume_under_walltime (another validator holds that node)."", ""o25_data_budget_guard_repairs [OPEN]: (1) prune_retention.py load_budget (prune_retention.py:81-83) does not resolve the quoted ${VAR:-default} form, so `python3 prune_retention.py` without --root exits 3 on root '${KTG_SCRATCH_ROOT:-...}' - the call contract in the scratch_guard.sh header (python3 $PRUNE --apply) therefore never prunes; (2) KTG_SCRATCH_ROOT / --root, KTG_CYCLE_PROJECTED_BYTES and KTG_BUDGET_ENV are environment/caller-selectable: an empty root or a zero projection passes a 529312333000 B projection, a loose KTG_BUDGET_ENV file raises the cap to 99999999999999 B; pin them or make the wrapper pass them explicitly and add contract cases."", ""The 20 GiB default per-cycle projection is a placeholder until measure_stage_throughput reports measured bytes/row on real 9x9 tdata."", ""The retention bounds 6 / 10 / 3 / 3 are design choices, not measurements."", ""prune_retention.py --apply has been exercised only on synthetic trees (worker's and validator's); it has never deleted real loop data."", ""Status upgrade to empirical requires: o04 (b) discharged, o25 repaired, and at least one production cycle log showing the guard triple and exit code.""]",,validator,7ae8dfdb7c781f96e0523cef76748f7c7b032fa0a0768010cd0cab387a3116a8,True,536870912000,7558580421,True,1099511627776,2374833823744,True,1099511627776,2370000000000,True,11,11,False,9,6,"[""arxiv-1902.10565::data_budget""]","Admitted by the validator at status conditional, not the staged empirical. Reasons: (i) every measurement here is of the guard artefacts under committed fixtures and one pre-loop du; the claim's protective content (refusing a production cycle, pruning production data) has not been exercised because no wrapper calls the guard (o04 conjunct b open) and no loop data exists; (ii) the staged claim said the guard 'cannot be loosened by an environment variable' - validator probes show KTG_SCRATCH_ROOT, KTG_CYCLE_PROJECTED_BYTES and KTG_BUDGET_ENV loosen it (only threshold variables are pinned; contract case C tests only KTG_SCRATCH_HARD_BYTES), so that conjunct was narrowed in the admitted claim; (iii) prune_retention.py without --root exits 3 (config-parse defect), which the section-2 command masks by passing --root. What survives unchanged: the 11-case exit-code contract (re-run 11/11), the section-2 verification (exit 0), the boundary at exactly the cap, the retention rules and protected set on synthetic trees (worker's tree and an adversarial validator tree: newest window, young .tmp, protected checkpoints, evidence components and symlinked dirs all survive rolling --target-bytes 0), and du -sb 7558580421 B <= 536870912000 B. Evidence type empirical_measurement is correct for what was measured. Staged worker claim text is preserved verbatim in evidence/data_budget/candidate_rows.json. Refutation record: evidence/data_budget/validation.md.",validator after refutation; record at results/ktg/paper_1902.10565/evidence/data_budget/validation.md,"[""results/ktg/paper_1902.10565/codes/data_budget/budget.env"", ""results/ktg/paper_1902.10565/codes/data_budget/scratch_guard.sh"", ""results/ktg/paper_1902.10565/codes/data_budget/prune_retention.py"", ""results/ktg/paper_1902.10565/codes/data_budget/tests/run_guard_tests.sh""]",login03,arxiv-1902.10565::data_budget,ref-code/lightvector-KataGo @ v1.18.2 = fd0723fdbc0e9d82cf269c9630af8c27c57c07c4,"worker (candidate at results/ktg/paper_1902.10565/evidence/data_budget/candidate_rows.json, commit 598413e)",data_budget,,"[""python/selfplay/cleanup_old_dirs.py:11-25"", ""python/selfplay/shuffle.sh:105,111-113"", ""python/train.py:573-578,1882-1889""]",,,8a2396de99000194d240ce5ba096c7d7ef5fadd9c5827d97f6c917bde18c530d,"[""results/ktg/paper_1902.10565/evidence/data_budget/guard_exit_contract.txt"", ""results/ktg/paper_1902.10565/evidence/data_budget/retention_synthetic_test.txt"", ""results/ktg/paper_1902.10565/evidence/data_budget/baseline_usage.txt"", ""results/ktg/paper_1902.10565/evidence/data_budget/compute_budget_check.txt"", ""results/ktg/paper_1902.10565/evidence/data_budget/validation.md""]",bash results/ktg/paper_1902.10565/codes/data_budget/tests/run_guard_tests.sh >/dev/null && bash results/ktg/paper_1902.10565/codes/data_budget/scratch_guard.sh --quiet >/dev/null && grep -q 'KTG_SCRATCH_HARD_BYTES=536870912000' results/ktg/paper_1902.10565/codes/data_budget/budget.env && grep -q 'KTG_GROUP_FREE_FAIL_BYTES=1099511627776' results/ktg/paper_1902.10565/codes/data_budget/budget.env && grep -q 'du -sb' results/ktg/paper_1902.10565/codes/data_budget/scratch_guard.sh && grep -q 'quotas.py' results/ktg/paper_1902.10565/codes/data_budget/scratch_guard.sh && python3 results/ktg/paper_1902.10565/codes/data_budget/prune_retention.py --root /scratch/schmidt/ssci-anima/ssci-haiyangw/ktg-train >/dev/null && test $(du -sb /scratch/schmidt/ssci-anima/ssci-haiyangw/ktg-train | cut -f1) -le 536870912000,900,,"Worker run 2026-09-03T23:50 login03: exit 0 (11/11 contract, du -sb 7558580421 B). Validator re-run 2026-09-04T00:05-00:07 login03 from the az root: run_guard_tests.sh '== 11 passed, 0 failed ==' exit 0; section-2 command exit 0; scratch_guard.sh production constants 'scratch_guard: OK  used=7558580421 B  projected_total=29033416901 B  group_free=2370000000000 B' (source quotas.py, min of quotas.py 2370000000000 B and df 2374833823744 B) exit 0. Boundary probe: projected total == cap exits 0, cap+1 exits 1. The gate re-executes the same command at append.",bash results/ktg/paper_1902.10565/codes/data_budget/tests/run_guard_tests.sh >/dev/null && bash results/ktg/paper_1902.10565/codes/data_budget/scratch_guard.sh --quiet >/dev/null && grep -q 'KTG_SCRATCH_HARD_BYTES=536870912000' results/ktg/paper_1902.10565/codes/data_budget/budget.env && grep -q 'KTG_GROUP_FREE_FAIL_BYTES=1099511627776' results/ktg/paper_1902.10565/codes/data_budget/budget.env && grep -q 'du -sb' results/ktg/paper_1902.10565/codes/data_budget/scratch_guard.sh && grep -q 'quotas.py' results/ktg/paper_1902.10565/codes/data_budget/scratch_guard.sh && python3 results/ktg/paper_1902.10565/codes/data_budget/prune_retention.py --root /scratch/schmidt/ssci-anima/ssci-haiyangw/ktg-train >/dev/null && test $(du -sb /scratch/schmidt/ssci-anima/ssci-haiyangw/ktg-train | cut -f1) -le 536870912000,34.083,0,e3b0c44298fc1c149afbf4c8996fb92427ae41e4649b934ca495991b7852b855,,2026-09-04T04:12:22+00:00,,,,,,,,guard_exit_contract_cases_matched,True,11,11,,,mission.json decisions[] 2026-09-03 (human): scratch budget for selfplay data + checkpoints = 500 GiB,skipjack login03 (CPU only; no GPU job was submitted for this node or its validation),21474836480,515396075520,1099511627776,1649267441664,536870912000,,,,/scratch/schmidt/ssci-anima/ssci-haiyangw/ktg-train,,,,"pre-loop: the mission root holds venv and build only, no selfplay data exists yet; the guard has refused no production cycle and the pruner has deleted no production data",,,"bytes, binary GiB (1 GiB = 2**30 B); quotas.py reports DECIMAL TB and is converted as such",
2026-09-04T04:14:40.291239+00:00,arxiv-1902.10565,data-budget-guard-500gib,500 GiB mission-scratch guard with a group free-space floor and bounded rolling retention,data_budget,6,f2f16df,conditional,empirical_measurement,"codes/data_budget/scratch_guard.sh refuses, with a non-zero exit, any cycle whose declared projected write would take du -sb of the MEASURED root past 536870912000 B (exit 1) or that would start while group scratch free space, taken as min(quotas.py, df -B1), is below 1099511627776 B (exit 2); its byte thresholds come only from the constants FILE it prints (budget.env, or $KTG_BUDGET_ENV) and cannot be loosened by a stray threshold environment variable such as KTG_SCRATCH_HARD_BYTES. The constants file, the measured root and the default per-cycle projection remain caller-selectable (KTG_BUDGET_ENV, KTG_SCRATCH_ROOT / --root, KTG_CYCLE_PROJECTED_BYTES), so the refusal holds only when the wrapper invokes the guard on the mission root with the production constants file. codes/data_budget/prune_retention.py, when given --root, bounds retention to longterm_checkpoints <= 6, rejectedmodels <= 10, selfplay <= 3 generations, scripts/dated <= 3 and shuffleddata <= 3 windows older than 2 h, sweeps orphan .tmp windows, prints its protected set before any path becomes a candidate, is dry-run unless --apply, and in --target-bytes rolling mode never drops below one shuffle window plus one selfplay generation nor removes a generation newer than the oldest retained window. Measured 2026-09-03T23:50 and again 2026-09-04T00:06 on login03 the mission root is 7558580421 B, far under the cap. Everything here is measured on the guard artefacts (fixture-driven 11-case exit-code contract, synthetic retention tree, pre-loop du); production behaviour is not yet measured.",pass,results/ktg/paper_1902.10565/evidence/data_budget/closing_measurement.txt,"[""arxiv-1902.10565::data_format_pos_len""]","[""a05_9x9_only"", ""a07_moves_per_game_80 (planning arithmetic only; no measured bytes/row is claimed here)"", ""The 1 TiB group free-space floor is a design choice, not a measurement: it is 2x the mission's whole 500 GiB budget."", ""quotas.py reports DECIMAL TB (40.00 TB matches the 40000000000000 B pool df reports), is rounded to 0.01 TB and refreshed hourly; the guard takes min(quotas.py, df -B1). This is conservative in the direction that matters: a stale-low quotas.py can only refuse spuriously, and a fast fill is caught by live df."", ""CONDITION (validator): the loop wrapper invokes scratch_guard.sh on the mission root with the production budget.env, passes --projected-bytes explicitly, and does not export KTG_SCRATCH_ROOT, KTG_CYCLE_PROJECTED_BYTES or KTG_BUDGET_ENV to other values; each is environment-selectable today."", ""CONDITION (validator): the wrapper passes --root to prune_retention.py; without it the pruner exits 3 because load_budget does not resolve the quoted ${KTG_SCRATCH_ROOT:-...} default (fail-safe, but no retention happens).""]","[""o04_scratch_budget conjunct (b) [BLOCKING], tracked as o27_scratch_guard_reconcile_500gib (owner loop_resume_under_walltime): codes/loop/loop.sbatch:74-75,195 and synchronous_loop_9x9.sh:190-191 still carry 200/180 GiB literals (214748364800 / 193273528320) and their own du/quotas block instead of calling scratch_guard.sh."", ""o28_data_budget_guard_repairs [BLOCKING] (owner data_budget): (1) prune_retention.py load_budget (prune_retention.py:81-83) does not resolve the quoted ${VAR:-default} form, so `python3 prune_retention.py` without --root exits 3 on root '${KTG_SCRATCH_ROOT:-...}' - the call contract in the scratch_guard.sh header (python3 $PRUNE --apply) therefore never prunes; (2) KTG_SCRATCH_ROOT / --root, KTG_CYCLE_PROJECTED_BYTES and KTG_BUDGET_ENV are environment/caller-selectable: an empty root or a zero projection passes a 529312333000 B projection, a loose KTG_BUDGET_ENV file raises the cap to 99999999999999 B; pin them or make the wrapper pass them explicitly and add contract cases."", ""The 20 GiB default per-cycle projection is a placeholder until measure_stage_throughput reports measured bytes/row on real 9x9 tdata."", ""The retention bounds 6 / 10 / 3 / 3 are design choices, not measurements."", ""prune_retention.py --apply has been exercised only on synthetic trees (worker's and validator's); it has never deleted real loop data."", ""Status upgrade to empirical requires: o27 and o28 discharged, and at least one production cycle log showing the guard triple and exit code.""]",,validator,7ae8dfdb7c781f96e0523cef76748f7c7b032fa0a0768010cd0cab387a3116a8,True,536870912000,7558580421,True,1099511627776,2374833823744,True,1099511627776,2370000000000,True,11,11,False,9,6,"[""arxiv-1902.10565::data_budget""]","Admitted by the validator at status conditional, not the staged empirical. Reasons: (i) every measurement here is of the guard artefacts under committed fixtures and one pre-loop du; the claim's protective content (refusing a production cycle, pruning production data) has not been exercised because no wrapper calls the guard (o04 conjunct b open) and no loop data exists; (ii) the staged claim said the guard 'cannot be loosened by an environment variable' - validator probes show KTG_SCRATCH_ROOT, KTG_CYCLE_PROJECTED_BYTES and KTG_BUDGET_ENV loosen it (only threshold variables are pinned; contract case C tests only KTG_SCRATCH_HARD_BYTES), so that conjunct was narrowed in the admitted claim; (iii) prune_retention.py without --root exits 3 (config-parse defect), which the section-2 command masks by passing --root. What survives unchanged: the 11-case exit-code contract (re-run 11/11), the section-2 verification (exit 0), the boundary at exactly the cap, the retention rules and protected set on synthetic trees (worker's tree and an adversarial validator tree: newest window, young .tmp, protected checkpoints, evidence components and symlinked dirs all survive rolling --target-bytes 0), and du -sb 7558580421 B <= 536870912000 B. Evidence type empirical_measurement is correct for what was measured. Staged worker claim text is preserved verbatim in evidence/data_budget/candidate_rows.json. Refutation record: evidence/data_budget/validation.md. Second append of this result_id (latest wins): the first (row hash 8a2396de99000194d240ce5ba096c7d7ef5fadd9c5827d97f6c917bde18c530d, 04:12:22) named the repair obligation o25_data_budget_guard_repairs, which was renumbered to o28 because a concurrent validation (commit f2f16df) had already taken the o25-o27 prefixes and its o27_scratch_guard_reconcile_500gib already tracks conjunct (b). Content of claim, evidence, status and metrics unchanged; the gate re-ran the verifier again.",validator after refutation; record at results/ktg/paper_1902.10565/evidence/data_budget/validation.md,"[""results/ktg/paper_1902.10565/codes/data_budget/budget.env"", ""results/ktg/paper_1902.10565/codes/data_budget/scratch_guard.sh"", ""results/ktg/paper_1902.10565/codes/data_budget/prune_retention.py"", ""results/ktg/paper_1902.10565/codes/data_budget/tests/run_guard_tests.sh""]",login03,arxiv-1902.10565::data_budget,ref-code/lightvector-KataGo @ v1.18.2 = fd0723fdbc0e9d82cf269c9630af8c27c57c07c4,"worker (candidate at results/ktg/paper_1902.10565/evidence/data_budget/candidate_rows.json, commit 598413e)",data_budget,,"[""python/selfplay/cleanup_old_dirs.py:11-25"", ""python/selfplay/shuffle.sh:105,111-113"", ""python/train.py:573-578,1882-1889""]",,,5cf754db629df666f97e1e5596da536cb4eb4b35f795c31ea5feda1af7a007a6,"[""results/ktg/paper_1902.10565/evidence/data_budget/guard_exit_contract.txt"", ""results/ktg/paper_1902.10565/evidence/data_budget/retention_synthetic_test.txt"", ""results/ktg/paper_1902.10565/evidence/data_budget/baseline_usage.txt"", ""results/ktg/paper_1902.10565/evidence/data_budget/compute_budget_check.txt"", ""results/ktg/paper_1902.10565/evidence/data_budget/validation.md""]",bash results/ktg/paper_1902.10565/codes/data_budget/tests/run_guard_tests.sh >/dev/null && bash results/ktg/paper_1902.10565/codes/data_budget/scratch_guard.sh --quiet >/dev/null && grep -q 'KTG_SCRATCH_HARD_BYTES=536870912000' results/ktg/paper_1902.10565/codes/data_budget/budget.env && grep -q 'KTG_GROUP_FREE_FAIL_BYTES=1099511627776' results/ktg/paper_1902.10565/codes/data_budget/budget.env && grep -q 'du -sb' results/ktg/paper_1902.10565/codes/data_budget/scratch_guard.sh && grep -q 'quotas.py' results/ktg/paper_1902.10565/codes/data_budget/scratch_guard.sh && python3 results/ktg/paper_1902.10565/codes/data_budget/prune_retention.py --root /scratch/schmidt/ssci-anima/ssci-haiyangw/ktg-train >/dev/null && test $(du -sb /scratch/schmidt/ssci-anima/ssci-haiyangw/ktg-train | cut -f1) -le 536870912000,900,,"Worker run 2026-09-03T23:50 login03: exit 0 (11/11 contract, du -sb 7558580421 B). Validator re-run 2026-09-04T00:05-00:07 login03 from the az root: run_guard_tests.sh '== 11 passed, 0 failed ==' exit 0; section-2 command exit 0; scratch_guard.sh production constants 'scratch_guard: OK  used=7558580421 B  projected_total=29033416901 B  group_free=2370000000000 B' (source quotas.py, min of quotas.py 2370000000000 B and df 2374833823744 B) exit 0. Boundary probe: projected total == cap exits 0, cap+1 exits 1. The gate re-executes the same command at append.",bash results/ktg/paper_1902.10565/codes/data_budget/tests/run_guard_tests.sh >/dev/null && bash results/ktg/paper_1902.10565/codes/data_budget/scratch_guard.sh --quiet >/dev/null && grep -q 'KTG_SCRATCH_HARD_BYTES=536870912000' results/ktg/paper_1902.10565/codes/data_budget/budget.env && grep -q 'KTG_GROUP_FREE_FAIL_BYTES=1099511627776' results/ktg/paper_1902.10565/codes/data_budget/budget.env && grep -q 'du -sb' results/ktg/paper_1902.10565/codes/data_budget/scratch_guard.sh && grep -q 'quotas.py' results/ktg/paper_1902.10565/codes/data_budget/scratch_guard.sh && python3 results/ktg/paper_1902.10565/codes/data_budget/prune_retention.py --root /scratch/schmidt/ssci-anima/ssci-haiyangw/ktg-train >/dev/null && test $(du -sb /scratch/schmidt/ssci-anima/ssci-haiyangw/ktg-train | cut -f1) -le 536870912000,33.404,0,e3b0c44298fc1c149afbf4c8996fb92427ae41e4649b934ca495991b7852b855,,2026-09-04T04:14:40+00:00,,,,,,,,guard_exit_contract_cases_matched,True,11,11,,,mission.json decisions[] 2026-09-03 (human): scratch budget for selfplay data + checkpoints = 500 GiB,skipjack login03 (CPU only; no GPU job was submitted for this node or its validation),21474836480,515396075520,1099511627776,1649267441664,536870912000,,,,/scratch/schmidt/ssci-anima/ssci-haiyangw/ktg-train,,,,"pre-loop: the mission root holds venv and build only, no selfplay data exists yet; the guard has refused no production cycle and the pruner has deleted no production data",,,"bytes, binary GiB (1 GiB = 2**30 B); quotas.py reports DECIMAL TB and is converted as such",
