timestamp,paper,entry_id,kind,status,statement,needed_evidence_type,result_ref,discharged_by,node_ids,dependencies,git_commit,actor_role,blocking,notes,owner,row_hash,scope,source_ids,task_id,working_context.board,working_context.cap,working_context.cause,working_context.cfg,working_context.coupling,working_context.cuda,working_context.cudnn,working_context.eval,working_context.evidence,working_context.export,working_context.family,working_context.gating,working_context.gpu,working_context.gpus,working_context.hazard,working_context.keys,working_context.knobs,working_context.model,working_context.node,working_context.pos_len,working_context.scratch,working_context.source_priority,working_context.torch
2026-09-04T02:04:57.201762+00:00,arxiv-1902.10565,c01_env_build_runs,claim,in_progress,"KataGo v1.18.2 built with USE_BACKEND=CUDA against the pip cuDNN 9.x wheel, plus a torch 2.11.0+cu128 venv, runs katago runtests and a b5c48h3tfr benchmark at -boardsize 9 on a B200 node (exit 0).",numerical_simulation,,,"[""arxiv-1902.10565::env_build""]","[""arxiv-1902.10565::env_build""]",17ce80a,worker,,,worker env_build (job 297952),9f4df667663e5ca8f05c2afb8af4a4f5b69db65fd8be635f899f57910f9ca726,,"[""code_lightvector-KataGo""]",env_build,,,,,,12.8.1,nvidia-cudnn-cu12>=9.8 wheel,,,,,,,,,,,,gb2xx B200 sm_100,,,,2.11.0+cu128
2026-09-04T02:04:57.267791+00:00,arxiv-1902.10565,c02_sm100_sass_or_jit,claim,open,The built katago binary either contains sm_100 SASS (cuobjdump --list-elf | grep -c sm_100 > 0) or runs all kernels correctly via compute_90 PTX JIT on B200/B300 with no launch failures in benchmark and selfplay.,numerical_simulation,,,"[""arxiv-1902.10565::env_build""]","[""arxiv-1902.10565::env_build""]",17ce80a,worker,,,worker env_build,1e29b92ddb5a6e58231586a91d82917f2127cced13287cc45fcfd023de83891e,,"[""code_lightvector-KataGo""]",env_build,,,cpp/CMakeLists.txt:761 sets CMAKE_CUDA_ARCHITECTURES without 100 for CUDA 12.8 (unconditional set),,,,,,,,,,,,,,,,,,,,
2026-09-04T02:04:57.327528+00:00,arxiv-1902.10565,c03_tf_export_loads,claim,open,"A random-initialized b5c48h3tfr exported by export_model_pytorch.py contains only block kinds transformer_attention_block / transformer_ffn_block and is accepted by cpp/neuralnet/desc.cpp (no 'unknown block kind'), running >0 visits/s in katago benchmark -boardsize 9.",numerical_simulation,,,"[""arxiv-1902.10565::tiny_model_export_smoke""]","[""arxiv-1902.10565::tiny_model_export_smoke"", ""arxiv-1902.10565::transformer_trunk_b5c48h3tfr""]",17ce80a,worker,,,worker,7e87fd5c6dc89b2128c734366e05258be4e7e57b5b45ab477e45eef7b2eae272,,"[""code_lightvector-KataGo""]",tiny_model_export_smoke,,,,,,,,,,python/export_model_pytorch.py:469-504,,,,,,,,b5c48h3tfr attnrope+ffng,,,,,
2026-09-04T02:04:57.381932+00:00,arxiv-1902.10565,c04_9x9_only_games,claim,open,"With the mission selfplay_9x9.cfg (bSizes=9, bSizeRelProbs=1, allowRectangleProb=0) every SGF produced by katago selfplay carries SZ[9] and no other size appears (grep -L 'SZ\[9\]' over selfplay/*/sgfs returns nothing).",numerical_simulation,,,"[""arxiv-1902.10565::cfg_9x9_override"", ""arxiv-1902.10565::selfplay_stage""]","[""arxiv-1902.10565::cfg_9x9_override""]",17ce80a,worker,,,worker,35fa538b2974c07d8b2222064e6fe2618017bd4b708dd4ad78980500b7020590,,"[""code_lightvector-KataGo""]",cfg_9x9_override,,,,mission copy of selfplay1_maxsize9.cfg,,,,,,,,,,,,,,,,,,,
2026-09-04T02:04:57.437166+00:00,arxiv-1902.10565,c05_pos_len_9_pipeline,claim,open,"With dataBoardLen=9 in the selfplay cfg and -pos-len 9 in train.py, one shuffle + one training epoch complete on 9x9 data (data_processing_pytorch.py:91 shape assert passes, exit 0) and the npz row size is 2145 B uncompressed.",numerical_simulation,,,"[""arxiv-1902.10565::shuffle_stage"", ""arxiv-1902.10565::train_stage"", ""arxiv-1902.10565::data_format_pos_len""]","[""arxiv-1902.10565::data_format_pos_len""]",17ce80a,worker,,,worker,079e6b3bfbf25e57846c480392a6545a75852c50dd25cb20216e22205ee86f32,,"[""code_lightvector-KataGo""]",shuffle_stage,,,,,selfplay1_maxsize9.cfg:16 dataBoardLen vs train.sh:88 -pos-len,,,,,,,,,,,,,,,,,,
2026-09-04T02:04:57.492258+00:00,arxiv-1902.10565,c06_threads_le_24,claim,open,"With numGameThreads=18, numSearchThreads=1, numNNServerThreadsPerModel=1 the live selfplay process has <= 24 OS threads (ps -o nlwp), and with numGameThreads=20 the gatekeeper has <= 24; train.py with OMP_NUM_THREADS=4 stays <= 24.",empirical_measurement,,,"[""arxiv-1902.10565::cfg_9x9_override"", ""arxiv-1902.10565::selfplay_stage""]","[""arxiv-1902.10565::selfplay_search_params""]",17ce80a,worker,,,worker,17deee437283f23f36c15a8c2cdce17a37b214cdf6a313d5c941071bf7a1ce10,,"[""code_lightvector-KataGo""]",cfg_9x9_override,,24 CPUs per job (20% of 124),,,,,,,,,,,,,,,,,,,,,
2026-09-04T02:04:57.547553+00:00,arxiv-1902.10565,c07_loop_cycle_completes,claim,open,One cycle of the mission synchronous loop (gatekeeper -> selfplay -> shuffle -> train -> export) completes on 1 GPU with tiny knobs and leaves a new models/<name>/model.bin.gz that katago loads.,numerical_simulation,,,"[""arxiv-1902.10565::synchronous_loop_smoke""]","[""arxiv-1902.10565::synchronous_loop_smoke""]",17ce80a,worker,,,worker,7c21620c01b561ffed55e3d50a9b81aa71c7fc47caea3ca1442b1b19f1f54cc2,,"[""code_lightvector-KataGo""]",synchronous_loop_smoke,,,,,,,,,,,,,,1,,,"NUM_GAMES_PER_CYCLE~20, SHUFFLE_MINROWS~200, samples-per-epoch~2000",,,,,,
2026-09-04T02:04:57.593994+00:00,arxiv-1902.10565,c08_resume_no_loss,claim,open,"Killing the loop job mid-train and mid-export and re-submitting resumes from checkpoint.ckpt with the same train_state row counter, loses no completed npz, and leaves no orphan *.exported dir that hides a checkpoint.",numerical_simulation,,,"[""arxiv-1902.10565::loop_resume_under_walltime""]","[""arxiv-1902.10565::loop_resume_under_walltime"", ""arxiv-1902.10565::train_resume_semantics""]",17ce80a,worker,,,worker,4f47d94ad7f3d6c8cb257c8ec8231101ddf9c436f4e7f3c542b02b5ae03aabfc,,"[""code_lightvector-KataGo""]",loop_resume_under_walltime,,,,,,,,,,,,,,,export_model_for_selfplay.sh:89 rm before :108 mv,,,,,,,,
2026-09-04T02:04:57.647176+00:00,arxiv-1902.10565,c09_selfplay_rate,claim,open,"katago selfplay at production knobs (maxVisits 600, cheapSearchVisits 100, cheapSearchProb 0.75, numGameThreads 18) on one B200 sustains a measured and recorded games/hour and mean moves/game on 9x9; the 4-40x selfplay:train ratio is then re-derived from the measured train samples/s.",empirical_measurement,,,"[""arxiv-1902.10565::selfplay_stage""]","[""arxiv-1902.10565::selfplay_stage""]",17ce80a,worker,,,worker,7c8a6fa1e244e619df59e67c3b9a69a5bcf4352d71c391fd8879b92f76a8d064,,"[""code_lightvector-KataGo""]",selfplay_stage,9,,,,,,,,,,,,1x B200,,,,,,,,,,
2026-09-04T02:04:57.715539+00:00,arxiv-1902.10565,c10_rows_per_game,claim,open,"Recorded training rows per 9x9 game lie in [12, 35] (expected ~22 = ~0.27 rows/turn x ~80 turns, because cheapSearchTargetWeight=0 zeroes 75% of turns) and on-disk bytes per game are <= 10 KB at pos_len 9.",empirical_measurement,,,"[""arxiv-1902.10565::selfplay_stage"", ""arxiv-1902.10565::data_budget""]","[""arxiv-1902.10565::data_format_pos_len"", ""arxiv-1902.10565::playout_cap_randomization""]",17ce80a,worker,,,worker,c8e0ba5d6428243aa9a7d941e11013fe9d31d9405d71f6de63208832d52532cb,,"[""code_lightvector-KataGo""]",data_budget,,,,,,,,,,,,,,,,"cheapSearchProb 0.75, cheapSearchTargetWeight 0.0, sidePositionProb 0.02",,,,,,,
2026-09-04T02:04:57.770502+00:00,arxiv-1902.10565,c11_scratch_budget,claim,open,"The whole mission fits in a 200 GB scratch budget: du -sb BASEDIR stays below 2.0e11 bytes across the run, with selfplay data < 20 GB per 10^6 games and checkpoints pruned to <= 4 short-term + <= 6 long-term.",empirical_measurement,,,"[""arxiv-1902.10565::data_budget""]","[""arxiv-1902.10565::data_budget""]",17ce80a,worker,,,worker,1242d0eabebd24b34af4a515c7da4b6a15c4dc96c28846aeac71734fe6165700,,"[""cluster""]",data_budget,,,,,,,,,,,,,,,,,,,,,37.8/40 TB group usage at start,,
2026-09-04T02:04:57.821567+00:00,arxiv-1902.10565,c12_loss_decreases,claim,open,Over the first 10 training epochs on 9x9 self-play data all logged loss terms in metrics_train.json are finite and the policy loss at epoch 10 is below its epoch-1 value.,empirical_measurement,,,"[""arxiv-1902.10565::train_stage""]","[""arxiv-1902.10565::train_stage"", ""arxiv-1902.10565::loss_targets_metrics""]",17ce80a,worker,,,worker,b9d7387fb099e5ecd1f3c79cb0ec8df5ecdd8200769f61ef367276644019ef37,,"[""code_lightvector-KataGo""]",train_stage,,,,,,,,,,,,,,,,,,b5c48h3tfr,,9,,,
2026-09-04T02:04:57.875962+00:00,arxiv-1902.10565,c13_gatekeeper_accepts,claim,open,"The gatekeeper (200 games, win prop 0.5, 150 visits, 9x9) accepts at least 2 candidate nets after the first exported net, visible as >= 3 subdirs in models/ and gatekeepersgf logs.",empirical_measurement,,,"[""arxiv-1902.10565::gatekeeper_stage"", ""arxiv-1902.10565::eval_improvement""]","[""arxiv-1902.10565::gatekeeper_stage"", ""arxiv-1902.10565::gating_rule""]",17ce80a,worker,,,worker,071b5856eef368771e3b19c413bd0787561a19c4f29a84b3be97688ccd4df1cc,,"[""code_lightvector-KataGo""]",eval_improvement,,,,,,,,,,,,cpp/command/gatekeeper.cpp:271 default 0.5,,,,,,,,,,,
2026-09-04T02:04:57.931009+00:00,arxiv-1902.10565,c14_elo_vs_first_net,claim,open,"In a katago match of 400 games on 9x9 (komi 7, maxVisits 150, both colors alternated) the latest accepted net beats the first exported net with win rate >= 0.60, whose 95% CI (SE 0.025 at n=400) excludes 0.5 (equivalently >= +70 Elo).",statistical_inference,,,"[""arxiv-1902.10565::eval_improvement""]","[""arxiv-1902.10565::eval_improvement""]",17ce80a,worker,,,worker,9c7b5cd525c90a3b64ed0726964632b57d24b39bc807a2dc9ae826426ed9addf,,"[""code_lightvector-KataGo""]",eval_improvement,9,,,,,,,"katago match, cpp/main.cpp:103",,,,,,,,,,,,,,,
2026-09-04T02:04:57.991451+00:00,arxiv-1902.10565,c15_paper_ideas_in_code,claim,open,"The v1.18.2 selfplay pipeline still implements these ideas from arXiv:1902.10565 under the cited config keys/code: playout cap randomization (cheapSearchProb/Visits/TargetWeight), forced root exploration (rootDesiredPerChildVisitsCoeff) with policy-target pruning (chosenMoveSubtract/Prune), auxiliary ownership/score/opponent-policy targets (metrics.py), score utility (staticScoreUtilityFactor/dynamicScoreUtilityFactor), lightweight gating; the residual-CNN trunk, the N_window formula and the 19x19 evaluation are superseded.",literature_grounding,,,"[""arxiv-1902.10565::playout_cap_randomization"", ""arxiv-1902.10565::root_explore_and_target_pruning"", ""arxiv-1902.10565::loss_targets_metrics"", ""arxiv-1902.10565::score_utility_search""]","[""arxiv-1902.10565::playout_cap_randomization"", ""arxiv-1902.10565::root_explore_and_target_pruning"", ""arxiv-1902.10565::loss_targets_metrics"", ""arxiv-1902.10565::score_utility_search""]",17ce80a,worker,,,brain decompose,faa009a7d38a2b8d6766b458a5a7f4e92f16641504161597ebccacaa6564dcd5,,"[""code_lightvector-KataGo"", ""paper_arxiv-1902.10565""]",paper_code_map,,,,,,,,,,,,,,,,,,,,,,"code v1.18.2 primary, paper background",
2026-09-04T02:04:58.044646+00:00,arxiv-1902.10565,c16_scale_up_within_caps,claim,open,"A second configuration (b7c96h3tfrs or b8c96h3tfrs, exportable attnrope+ffnsg) trains and exports in the same loop within <= 2 GPUs and 24 CPUs, and the loop's selfplay games/hour stays within 2x of the smoke config.",numerical_simulation,,,"[""arxiv-1902.10565::scale_up""]","[""arxiv-1902.10565::scale_up""]",17ce80a,worker,,,worker,2df1573770125ce5bd83b7874662ae64a4ad9ce34fc490920d100a14c3fbf978,,"[""code_lightvector-KataGo""]",scale_up,,,,,,,,,,,"tf interleaved, modelconfigs.py:1886-1942",,,,,,,,,,,,
2026-09-04T02:04:58.096185+00:00,arxiv-1902.10565,o01_bsizes9_override,obligation,open,"Write mission-owned selfplay_9x9.cfg and gatekeeper_9x9.cfg from the maxsize9 presets with bSizes=9, bSizeRelProbs=1, allowRectangleProb=0 (upstream has no 9-only preset; mirror is read-only) and diff them against upstream so only intended keys change.",,,,"[""arxiv-1902.10565::cfg_9x9_override""]",,17ce80a,worker,True,"selfplay1_maxsize9.cfg:95-97, gatekeeper1_maxsize9.cfg:38-40",worker cfg_9x9_override,f1b4b1320a632c887c5d852c48afcc01d3681317f7e24a0db0790548f44d74d3,,"[""code_lightvector-KataGo""]",,,,,,,,,,,,,,,,,,,,,,,,
2026-09-04T02:04:58.153396+00:00,arxiv-1902.10565,o02_databoardlen_poslen_9,obligation,open,"Set dataBoardLen=9 (selfplay cfg) and -pos-len 9 (mission train wrapper; upstream train.sh:88 hard-codes 19) together, and discard any pos_len-19 data before the first shuffle.",,,,"[""arxiv-1902.10565::cfg_9x9_override"", ""arxiv-1902.10565::shuffle_stage""]",,17ce80a,worker,True,asserted at python/katago/train/data_processing_pytorch.py:91; scoreDistrN width not asserted (silent mismatch),worker cfg_9x9_override,74ef4249d9d9cbfd397620b914ec964758562222228fb214fca030a8afb721b0,,"[""code_lightvector-KataGo""]",,,,,,,,,,,,,,,,,,,,,,,,
2026-09-04T02:04:58.198590+00:00,arxiv-1902.10565,o03_thread_budget_24cpu,obligation,open,"Every mission cfg/wrapper justifies its thread counts against the 24-CPU cap: selfplay numGameThreads<=18, gatekeeper<=20, numSearchThreads=1, numNNServerThreadsPerModel=1 per GPU, shuffle -num-processes<=8, train OMP_NUM_THREADS<=4; total per job verified with ps -o nlwp.",,,,"[""arxiv-1902.10565::cfg_9x9_override"", ""arxiv-1902.10565::selfplay_stage"", ""arxiv-1902.10565::train_stage""]",,17ce80a,worker,True,shipped default numGameThreads=128 would spawn ~132 threads,worker,6fd466ef76ea07bfc54eee7d381075908709ed240f641818c4b90d2035b64e66,,"[""code_lightvector-KataGo""]",,,,,,,,,,,,,,,,,,,,,,,,
2026-09-04T02:04:58.251897+00:00,arxiv-1902.10565,o04_scratch_budget,obligation,open,"Before the first production cycle: record python3 /apps/helpers/quotas.py, set a 200 GB hard cap on BASEDIR enforced by the loop wrapper (du -sb before each cycle), prune longterm_checkpoints (keep <= 6) and rejectedmodels, and decide selfplay tdata retention (nothing upstream prunes it).",,,,"[""arxiv-1902.10565::data_budget""]",,17ce80a,worker,True,group scratch at 94% of 40 TB on 2026-09-03,worker data_budget,0cde8a08c78582d4e0e4e1f3a13d55e7210b8b98a19873b4185a6475b2012d4c,,"[""cluster"", ""code_lightvector-KataGo""]",,,,,,,,,,,,,,,,,,,,,,,,
2026-09-04T02:04:58.310060+00:00,arxiv-1902.10565,o05_cudnn_version_sdpa,obligation,open,"Record the cuDNN version the built katago links (ldd + cudnn_version.h) and confirm KATAGO_CUDA_HAS_SDPA compiled in (CUDNN_VERSION >= 8903, cudabackend.cpp:13); cuDNN 9.8+ from nvidia-cudnn-cu12 is the mission choice.",,,,"[""arxiv-1902.10565::env_build""]",,17ce80a,worker,False,,worker env_build,087222056dde45fff7db642208aaa7b3efca210db412d08817bca5c9c446782e,,"[""code_lightvector-KataGo""]",,,,,,,,,,,,,,,,,,,,,,,,
2026-09-04T02:04:58.367415+00:00,arxiv-1902.10565,o06_sm100_arch,obligation,open,"After the build run cuobjdump --list-elf on katago; if no sm_100 entry, patch the scratch clone's cpp/CMakeLists.txt:761 to include 100 (or build with cuda/13.0.2) and rebuild before any production selfplay.",,,,"[""arxiv-1902.10565::env_build"", ""arxiv-1902.10565::tiny_model_export_smoke""]",,17ce80a,worker,True,unconditional set() shadows -DCMAKE_CUDA_ARCHITECTURES,worker env_build,fcddf798481aeaf4e9dc3c137e6e2ccd6c91b28e703e1d31bab24b1aad8e394c,,"[""code_lightvector-KataGo""]",,,,,,,,,,,,,,,,,,,,,,,,
2026-09-04T02:04:58.423794+00:00,arxiv-1902.10565,o07_family_choice_tf_vs_nbt,obligation,open,"Record the trunk-family decision: smoke and first scale-up stay in the interleaved tf family (b5c48h3tfr -> b7c96h3tfrs); the fused nbt family is exportable (lowered to nested_bottleneck_block of transformer blocks, export_model_pytorch.py:495-502) but deferred to scale_up as an [FUTURE] comparison.",,,,"[""arxiv-1902.10565::transformer_trunk_b5c48h3tfr"", ""arxiv-1902.10565::scale_up""]",,17ce80a,worker,False,,brain design,a06df21415938f7f36699a2bdd8a16630a42aad8f05602e5cab7fafd18e79173,,"[""code_lightvector-KataGo""]",,,,,,,,,,,,,,,,,,,,,,,,
2026-09-04T02:04:58.483158+00:00,arxiv-1902.10565,o08_exporter_name,obligation,open,grep -rn 'export_model.py' over results/ktg/paper_1902.10565/codes/ returns nothing; every mission script calls python/export_model_pytorch.py.,,,,"[""arxiv-1902.10565::export_stage""]",,17ce80a,worker,False,"stale name in SelfplayTraining.md:9, python/README.md:13, export_model_for_selfplay.sh:11 comment",worker export_stage,b96c30dd27e7d19b87f617e1ad790fdad6e23c3e7f0b282ad6f92205e8cd91a4,,"[""code_lightvector-KataGo""]",,,,,,,,,,,,,,,,,,,,,,,,
2026-09-04T02:04:58.533495+00:00,arxiv-1902.10565,o09_export_kill_window,obligation,open,"The mission copy of export_model_for_selfplay.sh moves rm -r $SRC after the final mv, or the loop wrapper deletes stale *.exported markers whose target dir is missing on startup.",,,,"[""arxiv-1902.10565::loop_resume_under_walltime"", ""arxiv-1902.10565::export_stage""]",,17ce80a,worker,False,"export_model_for_selfplay.sh:54-56,89,108",worker,3304a5ea58c504b7ec1117d5e05e78cf28bc0b2c3892a82c39aec6c0aae919be,,"[""code_lightvector-KataGo""]",,,,,,,,,,,,,,,,,,,,,,,,
2026-09-04T02:04:58.591030+00:00,arxiv-1902.10565,o10_random_net_bootstrap,obligation,open,Decide and record cycle-1 bootstrap: empty models/ makes selfplay play a random net into selfplay/random/ (loadmodel.cpp:77-80) and the gatekeeper skips gating when accepted-models-dir is empty (gatekeeper.cpp:399-402); accept as the standard KataGo bootstrap or seed with the exported random-init b5c48h3tfr.,,,,"[""arxiv-1902.10565::synchronous_loop_smoke""]",,17ce80a,worker,False,,worker synchronous_loop_smoke,b90043da98b34b61e6139234aa9246fc5482e9ed6a74cd013b6b985c5dc2e310,,"[""code_lightvector-KataGo""]",,,,,,,,,,,,,,,,,,,,,,,,
2026-09-04T02:04:58.648182+00:00,arxiv-1902.10565,o11_torch_threads_cap,obligation,open,Mission train wrapper exports OMP_NUM_THREADS and MKL_NUM_THREADS (<=4) and -data-prefetch-depth stays at its default 1 so train.py cannot exceed the CPU cap on a 128-core node.,,,,"[""arxiv-1902.10565::train_stage""]",,17ce80a,worker,False,,worker train_stage,48620075442c6b9aabf447077e418f091cebe4654a94cb0e33c8293bb292a0e6,,"[""code_lightvector-KataGo""]",,,,,,,,,,,,,,,,,,,,,,,,
2026-09-04T02:04:58.702738+00:00,arxiv-1902.10565,o12_pydeps_pin,obligation,open,"Write results/ktg/paper_1902.10565/codes/env/requirements.txt pinning torch==2.11.0+cu128, numpy, packaging, psutil (scipy only for summarize_sgfs.py) and record pip freeze from the venv as evidence.",,,,"[""arxiv-1902.10565::env_build""]",,17ce80a,worker,False,no requirements/pyproject/setup upstream,worker env_build,756083186d8b7befcd6c45131c7146307422f8eabf966d6d805687e7ae876a42,,"[""code_lightvector-KataGo""]",,,,,,,,,,,,,,,,,,,,,,,,
2026-09-04T02:04:58.751479+00:00,arxiv-1902.10565,o13_loop_config_paths,obligation,open,"The mission copy of synchronous_loop.sh points SELFPLAY_CONFIG/GATING_CONFIG (upstream :70-71 default to selfplay1.cfg/gatekeeper1.cfg, mixed sizes) at the mission 9x9 cfgs, runs from the scratch git clone (script needs git rev-parse, :35), and scales NUM_GAMES_PER_CYCLE / SHUFFLE_MINROWS / samples-per-epoch to the 9x9 rows-per-game.",,,,"[""arxiv-1902.10565::synchronous_loop_smoke""]",,17ce80a,worker,True,,worker synchronous_loop_smoke,cd4c138212d5c58a84aeff7afb4fea9f2acd2f69e6fb9d5f5b096b4aab104f59,,"[""code_lightvector-KataGo""]",,,,,,,,,,,,,,,,,,,,,,,,
2026-09-04T02:04:58.802394+00:00,arxiv-1902.10565,o14_gpool_in_transformer,obligation,open,Record from model_pytorch.py whether b5c48h3tfr still contains global-pooling bias blocks or gpool heads and whether their board-size channels are used at pos_len 9 (constant -0.5 / 0.15 factors on a single board size).,,,,"[""arxiv-1902.10565::transformer_trunk_b5c48h3tfr""]",,17ce80a,worker,False,,brain decompose,ee7cae65f5bc5ca3cc9572f28ccbf3c7169816163bf919fd61020125aeacbe86,,"[""code_lightvector-KataGo"", ""paper_arxiv-1902.10565""]",,,,,,,,,,,,,,,,,,,,,,,,
2026-09-04T02:04:58.858671+00:00,arxiv-1902.10565,a01_single_node,assumption,active,"All five loop stages run on one node in one Slurm job (no distributed selfplay, BUILD_DISTRIBUTED=0); stages share the node's GPUs via cudaDeviceToUse keys.",,,,"[""arxiv-1902.10565::synchronous_loop_smoke""]",,17ce80a,worker,,,,caa00c557e4a27c2663052ceb54fad393d1e212939b4e66af9f82daeb0ebc42d,infrastructure,"[""cluster""]",,,,,,,,,,,,,,,,,,,,,,,,
2026-09-04T02:04:58.925517+00:00,arxiv-1902.10565,a02_gpu_cap_start_at_1,assumption,active,"At most 4 GPUs total across all running jobs; the design starts at 1 GPU (b200 free_gpus=2/128, b300 0/8 on 2026-09-03) and scales to 2 only after eval_improvement passes.",,,,"[""arxiv-1902.10565::selfplay_stage"", ""arxiv-1902.10565::scale_up""]",,17ce80a,worker,,,,943cca4b66f72035b090dcf2ede24ded1948e3f91d0080cbf2b645cd5c462197,compute policy,"[""cluster""]",,,,,,,,,,,,,,,,,,,,,,,,
2026-09-04T02:04:58.980031+00:00,arxiv-1902.10565,a03_walltime_resume,assumption,active,Every job requests <= 3-00:00:00 and the loop is designed as checkpoint + resubmit; no single job is assumed to finish training.,,,,"[""arxiv-1902.10565::loop_resume_under_walltime""]",,17ce80a,worker,,,,4304acb19bb47b2bab2b942b7b400633e7a34fdd86ea18cac99e19b1aaa86071,scheduling,"[""cluster""]",,,,,,,,,,,,,,,,,,,,,,,,
2026-09-04T02:04:59.032173+00:00,arxiv-1902.10565,a04_b200_fallback,assumption,active,b300 (gb301) is reserved by another group until at least 2026-09-04 15:00; jobs go to b200 at the same GPU count until b300 frees.,,,,"[""arxiv-1902.10565::env_build""]",,17ce80a,worker,,,,6d54dc20e5fdf6a344529e3c073225546bd213f1b428e1857c846d0c467f3c6e,partition,"[""cluster""]",,,,,,,,,,,,,,,,,,,,,,,,
2026-09-04T02:04:59.085328+00:00,arxiv-1902.10565,a05_9x9_only,assumption,active,"Training, gating and evaluation use 9x9 only (bSizes=9); no mixed-size data, so paper Elo figures and b_avg-based constants are not targets.",,,,"[""arxiv-1902.10565::cfg_9x9_override"", ""arxiv-1902.10565::eval_improvement""]",,17ce80a,worker,,,,9c98675f80835c6b163a62bbb791622e564c544b547610b6ec1f3d1afbb79222,board size,"[""paper_arxiv-1902.10565"", ""code_lightvector-KataGo""]",,,,,,,,,,,,,,,,,,,,,,,,
2026-09-04T02:04:59.142164+00:00,arxiv-1902.10565,a06_tf_family,assumption,active,"The interleaved tf family (attnrope + ffng/ffnsg) is the mission architecture: b5c48h3tfr for smoke, b7c96h3tfrs/b8c96h3tfrs for scale-up.",,,,"[""arxiv-1902.10565::transformer_trunk_b5c48h3tfr""]",,17ce80a,worker,,,,b80b7dd7ac102e8f1476a6ae1eac2c6bded0adaeafd6c99853835e3dbb4be9d7,architecture,"[""code_lightvector-KataGo""]",,,,,,,,,,,,,,,,,,,,,,,,
2026-09-04T02:04:59.207326+00:00,arxiv-1902.10565,a07_moves_per_game_80,assumption,active,A 9x9 self-play game averages ~80 moves (used only for rows/game and disk estimates; replaced by the measured value in c09/c10).,,,,"[""arxiv-1902.10565::data_budget""]",,17ce80a,worker,,,,324017673492c3e17f2b9e7b360b909f393ae3fd4a9eca25246f9aa664ef9e8d,data budgeting,"[""code_lightvector-KataGo""]",,,,,,,,,,,,,,,,,,,,,,,,
2026-09-04T02:04:59.263013+00:00,arxiv-1902.10565,a08_cuda_backend,assumption,active,The C++ engine uses USE_BACKEND=CUDA with cuDNN 9.x from the pip wheel; TensorRT (>= 10 required) is deferred.,,,,"[""arxiv-1902.10565::env_build""]",,17ce80a,worker,,,,a3665f891fbecf59eaf39d11d7db588f9f4c15a975841f327176664057ed3154,backend,"[""code_lightvector-KataGo""]",,,,,,,,,,,,,,,,,,,,,,,,
2026-09-04T02:04:59.318459+00:00,arxiv-1902.10565,a09_code_first,assumption,active,"The v1.18.2 code mirror is the source of truth for every node, claim and plan; arXiv:1902.10565 is background cited only where the code still implements its idea (human redirect, 2026-09-03).",,,,"[""arxiv-1902.10565::playout_cap_randomization""]",,17ce80a,worker,,,,cfcc0da68499b29b997341b8578f544533fb6bf9963d866056743b2634a2264b,source priority,"[""code_lightvector-KataGo"", ""paper_arxiv-1902.10565""]",,,,,,,,,,,,,,,,,,,,,,,,
2026-09-04T02:04:59.382669+00:00,arxiv-1902.10565,a10_random_bootstrap_ok,assumption,active,Cycle-1 self-play with the built-in random net (empty models/) is an acceptable bootstrap; its data is kept in the window like any other cycle.,,,,"[""arxiv-1902.10565::synchronous_loop_smoke""]",,17ce80a,worker,,,,d893e7e0ba932cc2a61169675586b1197effe09fbde83f06dc66136bdee2c45e,loop bootstrap,"[""code_lightvector-KataGo""]",,,,,,,,,,,,,,,,,,,,,,,,
2026-09-04T02:05:37.951608+00:00,arxiv-1902.10565,o14_gpool_in_transformer,obligation,discharged,Record from model_pytorch.py whether b5c48h3tfr still contains global-pooling bias blocks or gpool heads and whether their board-size channels are used at pos_len 9.,,,arxiv-1902.10565::head_gpool_degeneracy_9x9,"[""arxiv-1902.10565::transformer_trunk_b5c48h3tfr"", ""arxiv-1902.10565::head_gpool_degeneracy_9x9""]",,17ce80a,worker,False,"Discharged by code reading (evidence/decomposition/audit_paper_code_map.md section 3): trunk has no gpool (model_pytorch.py:3157-3160,3231-3285); heads keep it (:2647,:2745); at strict 9x9 the value-head pooled vector is collinear. Decision: keep constants, accept redundancy.",brain decompose,c8b20bd117710b098f1dfae5a93c013c1c87fb7a3ca56b6ae2d86b32571acae9,,"[""code_lightvector-KataGo"", ""paper_arxiv-1902.10565""]",,,,,,,,,,,,,,,,,,,,,,,,
2026-09-04T02:05:38.011226+00:00,arxiv-1902.10565,o15_attn_logit_export_guard,obligation,open,export_model_pytorch.py refuses a checkpoint whose data-free attention logit bound exceeds -attn-logit-bound-limit 2.5e4 (model_pytorch.py:3010); the mission loop must either enable -attn-logit-penalty-cap in train.py (default off) or detect the refusal (export stage exit != 0) and record it in the error ledger rather than letting the loop die silently.,,,,"[""arxiv-1902.10565::export_stage"", ""arxiv-1902.10565::train_stage""]",,17ce80a,worker,False,export_model_pytorch.py:42-43; train.py:140-142,worker export_stage,2f5280554c1ca5a67a9efaa0786d020db0ae54b31e8768732ff6775be676478f,,"[""code_lightvector-KataGo""]",,,,,,,,,,,,,,,,,,,,,,,,
2026-09-04T02:05:38.058929+00:00,arxiv-1902.10565,o16_usegating_decision,obligation,open,"Decide and record USEGATING for the production loop: gating (200 games x 150 visits per candidate, ~0.53 acceptance at equal strength) costs a sizeable fraction of one GPU's selfplay budget; USEGATING=0 routes exports straight to models/ (export_model_for_selfplay.sh:115-120). Default design: USEGATING=1 for the smoke and first production run because eval_improvement (c13) counts acceptances; revisit at scale_up.",,,,"[""arxiv-1902.10565::gatekeeper_stage"", ""arxiv-1902.10565::eval_improvement""]",,17ce80a,worker,False,,brain design,a86a098fe0d5a1583f18b7012c27d94191e99e69f8d9f7d8e5a1caf7a3f19b97,,"[""code_lightvector-KataGo""]",,,,,,,,,,,,,,,,,,,,,,,,
2026-09-04T02:18:22.338567+00:00,arxiv-1902.10565,o17_loop_katago_bin_path,obligation,open,"python/selfplay/synchronous_loop.sh:81 copies $GITROOTDIR/cpp/katago into the dated archive, but the mission build (cmake run from cpp/build, env_build.sbatch) emits cpp/build/katago; under bash -eu the stock loop dies on cycle 1. The mission copy synchronous_loop_9x9.sh must copy $KATAGO_BIN (env.sh) instead.",,,,"[""arxiv-1902.10565::synchronous_loop_smoke""]",,c33dc37,worker,True,found by the implementation-plan pass; synchronous_loop.sh:75-81; codes/env/env.sh KATAGO_BIN,worker synchronous_loop_smoke,195cacb92a8940716c80c53a9c60c613ff1d7d849f22db3051eaf23ec0557ded,,"[""code_lightvector-KataGo""]",,,,,,,,,,,,,,,,,,,,,,,,
2026-09-04T02:18:22.399594+00:00,arxiv-1902.10565,o18_smoke_model_decision,obligation,open,Reconcile the smoke model: codes/env/env_build.sbatch:29 now exports b7c96h3tfrs (attnrope+ffnsg) for its smoke while DESIGN.md and tasks use b5c48h3tfr (attnrope+ffng); both are exportable. Record one choice for tiny_model_export_smoke and synchronous_loop_smoke and update the other document.,,,,"[""arxiv-1902.10565::tiny_model_export_smoke"", ""arxiv-1902.10565::env_build""]",,c33dc37,worker,False,"env_build.sbatch was revised by its owner (sm_100 patch codes/env/cmake-sm100.diff applied at stage 2b, model switched) after the decomposition started",brain design + worker env_build,c2408d9e8164b78b76b7a27e34178c500f8c84d3ec6d38684bc048dd62ef115e,,"[""code_lightvector-KataGo""]",,,,,,,,,,,,,,,,,,,,,,,,
2026-09-04T02:21:22.207994+00:00,arxiv-1902.10565,c03_tf_export_loads,claim,open,"A random-initialized b7c96h3tfrs exported by export_model_pytorch.py contains only block kinds transformer_attention_block / transformer_ffn_block (7 each) and is accepted by cpp/neuralnet/desc.cpp, running >0 visits/s in katago benchmark -boardsize 9 with the mission selfplay_9x9.cfg (the env smoke already did this with gtp_example.cfg, smoke-298018.txt:90).",numerical_simulation,,,"[""arxiv-1902.10565::tiny_model_export_smoke""]","[""arxiv-1902.10565::tiny_model_export_smoke"", ""arxiv-1902.10565::transformer_trunk_b7c96h3tfrs""]",aed5ac2,worker,,amended from b5c48h3tfr: non-SwiGLU FFN is refused by every C++ backend (cudaandrocmbackend.inc:3307-3308),worker,62d96353de609fd3c683564f3967bde402d2ccd965668fbfbf8a2d17b43468ba,,"[""code_lightvector-KataGo""]",tiny_model_export_smoke,,,,,,,,,,python/export_model_pytorch.py:469-504,,,,,,,,b7c96h3tfrs attnrope+ffnsg,,,,,
2026-09-04T02:21:22.266893+00:00,arxiv-1902.10565,c16_scale_up_within_caps,claim,open,"A second configuration (b8c96h3tfrs or b14c192h6tfrs, exportable attnrope+ffnsg) trains and exports in the same loop within <= 2 GPUs and 24 CPUs, and the loop's selfplay games/hour stays within 2x of the b7c96h3tfrs run.",numerical_simulation,,,"[""arxiv-1902.10565::scale_up""]","[""arxiv-1902.10565::scale_up""]",aed5ac2,worker,,"amended: b7c96h3tfrs is now the first-production model, so scale-up moves one step up the tf ladder",worker,21e172adf9bbbe9a2aa387aa1e3a89f76e6fd8841404922d6157ba9caac0dfa8,,"[""code_lightvector-KataGo""]",scale_up,,,,,,,,,,,"tf interleaved, modelconfigs.py:1886-1942",,,,,,,,,,,,
2026-09-04T02:21:22.328183+00:00,arxiv-1902.10565,a06_tf_family,assumption,active,"The interleaved tf family with SwiGLU FFN (attnrope + ffnsg) is the mission architecture: b7c96h3tfrs for smoke and first production, b8c96h3tfrs / b14c192h6tfrs for scale-up. ffng nets (b5c48h3tfr) are excluded because no C++ backend serves non-SwiGLU FFNs.",,,,"[""arxiv-1902.10565::transformer_trunk_b7c96h3tfrs""]",,aed5ac2,worker,,amended 2026-09-03 after job 297952 failed with 'Non-SwiGLU transformer FFN is not yet supported in CUDA backend',,60f3ec1ae7001b6aaddbdf38cb391ac489b8909873710217e22882c058f1659a,architecture,"[""code_lightvector-KataGo""]",,,,,,,,,,,,,,,,,,,,,,,,
2026-09-04T02:21:22.410548+00:00,arxiv-1902.10565,o07_family_choice_tf_vs_nbt,obligation,open,"Record the trunk-family decision: smoke and first production use b7c96h3tfrs (tf, SwiGLU); scale-up stays in the tf family; the fused nbt family is exportable (export_model_pytorch.py:495-502) but deferred as a [FUTURE] comparison; ffng (non-SwiGLU) configs are excluded for all phases.",,,,"[""arxiv-1902.10565::transformer_trunk_b7c96h3tfrs"", ""arxiv-1902.10565::scale_up""]",,aed5ac2,worker,False,,brain design,0e7bfcc44006bd6f5f6c013b47735970db0a110876d962288f9bcda8de410097,,"[""code_lightvector-KataGo""]",,,,,,,,,,,,,,,,,,,,,,,,
2026-09-04T02:21:22.466794+00:00,arxiv-1902.10565,o18_smoke_model_decision,obligation,discharged,Reconcile the smoke model between env_build.sbatch (b7c96h3tfrs) and DESIGN.md/tasks (b5c48h3tfr).,,,arxiv-1902.10565::transformer_trunk_b7c96h3tfrs,"[""arxiv-1902.10565::tiny_model_export_smoke"", ""arxiv-1902.10565::env_build""]",,aed5ac2,worker,False,"Decided for b7c96h3tfrs: b5c48h3tfr is unservable (cudaandrocmbackend.inc:3307-3308; job 297952 exit 134). DESIGN.md, derivation.md, convention.md, task files updated in the same commit.",brain design,71f7522f4cf8274bd6de53a1d48079acbd2b31ac1d711a3a1c88ca3f9ce86ab4,,"[""code_lightvector-KataGo""]",,,,,,,,,,,,,,,,,,,,,,,,
2026-09-04T02:21:22.552726+00:00,arxiv-1902.10565,o06_sm100_arch,obligation,discharged,"After the build run cuobjdump --list-elf on katago; if no sm_100 entry, patch the scratch clone's cpp/CMakeLists.txt:761 to include 100 and rebuild.",,,arxiv-1902.10565::env_build,"[""arxiv-1902.10565::env_build"", ""arxiv-1902.10565::tiny_model_export_smoke""]",,aed5ac2,worker,True,"Discharged: env_build.sbatch stage 2b applies codes/env/cmake-sm100.diff; smoke-298018.txt:35-37 'cuobjdump --list-elf | grep -c sm_100 = 2', arch set 'sm_100 sm_120 sm_50 ... sm_90'; job 298018 COMPLETED 0:0 on gb205 (sacct).",worker env_build,173c57bceaf74dc927dc1a878bc6efa582e6d10ab849d4c522e19a619288fe2d,,"[""code_lightvector-KataGo""]",,,,,,,,,,,,,,,,,,,,,,,,
2026-09-04T02:48:14.104796+00:00,arxiv-1902.10565,c01_env_build_runs,claim,admitted,"KataGo v1.18.2 built with USE_BACKEND=CUDA against the pip cuDNN 9.19 wheel, plus a torch 2.11.0+cu128 venv, runs katago version + runtests and evaluates a random-init b7c96h3tfrs through benchmark (2322 visits/s, 9x9) and a gtp genmove on a B200 node, exit 0 (job 298018).",numerical_simulation,env-toolchain-b200,,"[""arxiv-1902.10565::env_build""]","[""arxiv-1902.10565::env_build""]",ba7917a,worker,,"Reconciled 2026-09-04 per results/ktg/paper_1902.10565/evidence/decomposition/dag_reconciliation.md. Supersedes the in_progress row that named b5c48h3tfr: that variant is refuted by knowledge node engine_ffn_swiglu_constraint (engine refuses ffng), not by a toolchain defect.",,ce5bbf66f2918c7d8ff9ccca26849515f53a184834ca3f31f0e7ff23fee7acf5,,"[""code_lightvector-KataGo""]",env_build,,,,,,12.8.1,9.19.0 (pip wheel),,,,,,,,,,,b7c96h3tfrs,gb205 B200 sm_100,,,,2.11.0+cu128
2026-09-04T02:48:14.157102+00:00,arxiv-1902.10565,c02_sm100_sass_or_jit,claim,admitted,The built katago binary contains sm_100 SASS: cuobjdump --list-elf | grep -c sm_100 = 2 after codes/env/cmake-sm100.diff is applied to the scratch clone's cpp/CMakeLists.txt:761. The PTX-JIT fallback branch of the original statement is withdrawn as untestable (result_seed.md c02 note).,numerical_simulation,env-toolchain-b200,,"[""arxiv-1902.10565::env_build""]","[""arxiv-1902.10565::env_build""]",ba7917a,worker,,Reconciled 2026-09-04 per results/ktg/paper_1902.10565/evidence/decomposition/dag_reconciliation.md.,,162f83031000fd63dfdcf47497c1ce103d449d1f416197a2f2d6b60e3bc13bb8,,"[""code_lightvector-KataGo""]",env_build,,,cpp/CMakeLists.txt:761 plain set() omits 100 for CUDA 12.8,,,,,,results/ktg/paper_1902.10565/evidence/env/smoke.txt:40,,,,,,,,,,,,,,
2026-09-04T02:48:14.213020+00:00,arxiv-1902.10565,c06_threads_le_24,claim,open,"With numGameThreads=18, numSearchThreads=1, numNNServerThreadsPerModel=1 the live selfplay process has <= 24 OS threads (ps -o nlwp; expected 22, +2 transient at a net switch), the gatekeeper with numGameThreads=18 has <= 24 (expected 22 = 18 game + 2 nnServer + 1 dataWrite + main), and train.py with OMP_NUM_THREADS=MKL_NUM_THREADS=4 stays <= 24; each measured on the running process and recorded.",empirical_measurement,,,"[""arxiv-1902.10565::cfg_9x9_override"", ""arxiv-1902.10565::selfplay_stage"", ""arxiv-1902.10565::gatekeeper_stage""]","[""arxiv-1902.10565::cfg_9x9_override"", ""arxiv-1902.10565::selfplay_stage"", ""arxiv-1902.10565::gatekeeper_stage""]",ba7917a,worker,,"Reconciled 2026-09-04 per results/ktg/paper_1902.10565/evidence/decomposition/dag_reconciliation.md. Amended: gatekeeper 20 -> 18 because the data-write thread (gatekeeper.cpp:548) was uncounted (20+2+1+1 = 24, no margin).",,12d226888faa9c238d249b21f96e152ef9c607618b273e4cee735d6a06a381af,,"[""code_lightvector-KataGo""]",cfg_9x9_override,,,,,,,,,,,,,,,,,,,,,,,
2026-09-04T02:48:14.261526+00:00,arxiv-1902.10565,c08_resume_no_loss,claim,open,"Killing the loop job mid-train and mid-export and re-submitting the same wrapper resumes from checkpoint.ckpt with train_state global_step_samples non-decreasing, loses no completed npz, selects no shuffleddata/*.tmp, and leaves no orphan *.exported dir without a models/ target.",numerical_simulation,,,"[""arxiv-1902.10565::verify_preemption_resume"", ""arxiv-1902.10565::loop_resume_under_walltime""]","[""arxiv-1902.10565::verify_preemption_resume"", ""arxiv-1902.10565::loop_resume_under_walltime""]",ba7917a,worker,,Reconciled 2026-09-04 per results/ktg/paper_1902.10565/evidence/decomposition/dag_reconciliation.md. Re-attached to the executed test node verify_preemption_resume (split from the wrapper node).,,3d713b6df92b3cd4e3c213903a06f4bbd382ddca86276ffd35b0074aaff4af4d,,"[""code_lightvector-KataGo""]",verify_preemption_resume,,,,,,,,,,,,,,,,,,,,,,,
2026-09-04T02:48:14.320432+00:00,arxiv-1902.10565,c09_selfplay_rate,claim,open,"katago selfplay at production knobs (maxVisits 600, cheapSearchVisits 100, cheapSearchProb 0.75, numGameThreads 18) on one B200 sustains a measured and recorded games/hour, rows/hour, mean moves/game and GPU duty cycle on 9x9; the selfplay:train balance is then re-derived from measured train samples/s.",empirical_measurement,,,"[""arxiv-1902.10565::selfplay_stage"", ""arxiv-1902.10565::measure_stage_throughput""]","[""arxiv-1902.10565::selfplay_stage"", ""arxiv-1902.10565::measure_stage_throughput""]",ba7917a,worker,,Reconciled 2026-09-04 per results/ktg/paper_1902.10565/evidence/decomposition/dag_reconciliation.md.,,9e5e4d392fe2ebd8970cb367d6c93244279b9a38f941cc464a4f9153dc52044e,,"[""code_lightvector-KataGo""]",measure_stage_throughput,,,,,,,,,,,,,,,,,,,,,,,
2026-09-04T02:48:14.377805+00:00,arxiv-1902.10565,c10_rows_per_game,claim,open,"Recorded training rows per 9x9 game lie in [12, 35] (expected ~22 because cheapSearchTargetWeight=0 zeroes 75 % of turns) and on-disk bytes per game are <= 10 KiB at pos_len 9; first measured by the smoke audit (rows_per_game.txt), confirmed by the throughput profile.",empirical_measurement,,,"[""arxiv-1902.10565::synchronous_loop_smoke"", ""arxiv-1902.10565::selfplay_stage"", ""arxiv-1902.10565::measure_stage_throughput""]","[""arxiv-1902.10565::synchronous_loop_smoke"", ""arxiv-1902.10565::selfplay_stage"", ""arxiv-1902.10565::measure_stage_throughput""]",ba7917a,worker,,Reconciled 2026-09-04 per results/ktg/paper_1902.10565/evidence/decomposition/dag_reconciliation.md.,,93512cb8a4feb4fd1c482b2547e28785ba47f11a2a30c45b7a298383616b357c,,"[""code_lightvector-KataGo""]",synchronous_loop_smoke,,,,,,,,,,,,,,,,,,,,,,,
2026-09-04T02:48:14.436645+00:00,arxiv-1902.10565,c11_scratch_budget,claim,open,"The whole mission root /scratch/schmidt/ssci-anima/ssci-haiyangw/ktg-train (venv + build + loop data) stays <= 200 GiB = 214748364800 B for the whole run, no cycle starts at >= 180 GiB = 193273528320 B, one du -sb / df -B1 / quota triple is logged per cycle, and checkpoints are bounded to <= 4 short-term + <= 6 long-term with rejectedmodels <= 10.",empirical_measurement,,,"[""arxiv-1902.10565::data_budget"", ""arxiv-1902.10565::loop_resume_under_walltime""]","[""arxiv-1902.10565::data_budget"", ""arxiv-1902.10565::loop_resume_under_walltime""]",ba7917a,worker,,"Reconciled 2026-09-04 per results/ktg/paper_1902.10565/evidence/decomposition/dag_reconciliation.md. Amended: scope widened from BASEDIR (decimal 200 GB) to the mission root in GiB with the 180 GiB pre-cycle guard (seat B), quota check kept (seat A).",,b802413a6a6504734f70d0da8c08e8a4652f80057920a999a9cbfd025ce8ef9b,,"[""code_lightvector-KataGo""]",data_budget,,,,,,,,,,,,,,,,,,,,,,,
2026-09-04T02:48:14.481578+00:00,arxiv-1902.10565,c13_gatekeeper_accepts,claim,open,"The gatekeeper (200 games, win prop 0.5, 150 visits, 9x9, ties to the candidate) accepts at least 1 candidate net after the frozen first net (stretch target >= 2), with the accepted-directory count minus one equal to the parsed 'Candidate won match' count.",empirical_measurement,,,"[""arxiv-1902.10565::count_gatekeeper_acceptances"", ""arxiv-1902.10565::gatekeeper_stage""]","[""arxiv-1902.10565::count_gatekeeper_acceptances"", ""arxiv-1902.10565::gatekeeper_stage""]",ba7917a,worker,,"Reconciled 2026-09-04 per results/ktg/paper_1902.10565/evidence/decomposition/dag_reconciliation.md. Amended: minimum >= 2 -> >= 1 required (both seats), >= 2 kept as the stretch target.",,64e4eb48c2d333621ce21f7fa54d0e16777dc790847f62a3e249670bd3cf0252,,"[""code_lightvector-KataGo""]",count_gatekeeper_acceptances,,,,,,,,,,,,,,,,,,,,,,,
2026-09-04T02:48:14.539541+00:00,arxiv-1902.10565,c14_elo_vs_first_net,claim,open,"In a katago match of 400 games on 9x9 (komi 7, draws counted 0.5, maxVisits 150, 1 search thread, colours alternated) the latest accepted net beats the frozen first net with p = (W + 0.5 D)/N whose 95 % CI excludes 0.5 (required); effect-size target p >= 0.60 (about +70 Elo); Elo and CI computed by python/summarize_sgfs.py.",statistical_inference,,,"[""arxiv-1902.10565::match_latest_against_first"", ""arxiv-1902.10565::eval_improvement""]","[""arxiv-1902.10565::match_latest_against_first"", ""arxiv-1902.10565::eval_improvement""]",ba7917a,worker,,"Reconciled 2026-09-04 per results/ktg/paper_1902.10565/evidence/decomposition/dag_reconciliation.md. Amended: statistical form from seat B, effect-size target from pass 1; draw convention fixed (result_seed c14 [OPEN] draw-handling).",,b002a3d489272bd2fba9e3a1546365dbfd03c017b5b1557e27617b2cbbd1bf5c,,"[""code_lightvector-KataGo""]",match_latest_against_first,,,,,,,,,,,,,,,,,,,,,,,
2026-09-04T02:48:14.585337+00:00,arxiv-1902.10565,c16_scale_up_within_caps,claim,open,"A second configuration (b8c96h3tfrs, then b14c192h6tfrs; attnrope+ffnsg) trains and exports as a fresh run in the same 1-GPU / 24-CPU loop, the export/load smoke passes with block count 8 (b8), batch 128 fits with >= 10 % VRAM headroom, and the loop's selfplay games/hour stays within 2x of the b7c96h3tfrs run.",numerical_simulation,,,"[""arxiv-1902.10565::scale_up""]","[""arxiv-1902.10565::scale_up""]",ba7917a,worker,,Reconciled 2026-09-04 per results/ktg/paper_1902.10565/evidence/decomposition/dag_reconciliation.md. Amended: 2-GPU wording removed (multi-GPU is async_multi_gpu_layout [FUTURE]).,,2844a1e415786d6390a6154947ffa0d8170c783c71ac8d9820d3be1a146370c2,,"[""code_lightvector-KataGo""]",scale_up,,,,,,,,,,,,,,,,,,,,,,,
2026-09-04T02:48:14.628270+00:00,arxiv-1902.10565,o03_thread_budget_24cpu,obligation,open,"Every mission cfg/wrapper justifies its thread counts against the 24-CPU cap counting every live thread: selfplay numGameThreads <= 18 (18 game + 1 nnServer + 1 dataWrite + 1 modelLoad + main = 22), gatekeeper numGameThreads <= 18 (18 game + 2 nnServer + 1 dataWrite (gatekeeper.cpp:548) + main = 22), numSearchThreads = 1, numNNServerThreadsPerModel = 1 per GPU, shuffle -num-processes <= 8, train OMP_NUM_THREADS = MKL_NUM_THREADS <= 4 with -data-prefetch-depth 1; admitted from ps -o nlwp on live processes (claim c06).",,,,"[""arxiv-1902.10565::cfg_9x9_override"", ""arxiv-1902.10565::selfplay_stage"", ""arxiv-1902.10565::gatekeeper_stage"", ""arxiv-1902.10565::train_stage""]",,ba7917a,worker,True,Reconciled 2026-09-04 per results/ktg/paper_1902.10565/evidence/decomposition/dag_reconciliation.md. Amended: gatekeeper <= 20 -> <= 18; the data-write thread is now counted.,worker cfg_9x9_override,a9df4081333fd61a5db657a8128a2036500852cf181453b84a939ed7472080dd,,"[""code_lightvector-KataGo""]",cfg_9x9_override,,,,,,,,,,,,,,,,,,,,,,,
2026-09-04T02:48:14.673293+00:00,arxiv-1902.10565,o04_scratch_budget,obligation,open,"Before the first smoke cycle: record python3 /apps/helpers/quotas.py; the loop wrapper enforces a 200 GiB (214748364800 B) hard cap on the whole mission root and refuses to start a cycle at >= 180 GiB (193273528320 B), logging du -sb / df -B1 / quota per cycle; retention is bounded by a logged policy that protects the frozen baseline, latest accepted net, current+previous checkpoints and evidence (longterm_checkpoints <= 6, rejectedmodels <= 10, stale shuffleddata/*.tmp removed).",,,,"[""arxiv-1902.10565::data_budget"", ""arxiv-1902.10565::loop_resume_under_walltime""]",,ba7917a,worker,True,"Reconciled 2026-09-04 per results/ktg/paper_1902.10565/evidence/decomposition/dag_reconciliation.md. Amended scope (whole root, GiB, 180 GiB guard).",worker data_budget,b77b5e5f8c35cbf112cd126893c30499e3b287e12f5b432963f8bd5dcab1b191,,"[""code_lightvector-KataGo""]",data_budget,,,,,,,,,,,,,,,,,,,,,,,
2026-09-04T02:48:14.738896+00:00,arxiv-1902.10565,o07_family_choice_tf_vs_nbt,obligation,discharged,"Trunk-family decision recorded: smoke and first production use b7c96h3tfrs (tf, SwiGLU); scale-up stays in the tf family (b8c96h3tfrs -> b14c192h6tfrs, fresh runs); ffng configs are engine-unservable; the fused nbt family (b5c192h3nbttfrs, exportable via export_model_pytorch.py:495-502) is a [FUTURE] comparison.",,,arxiv-1902.10565::select_transformer_ladder,"[""arxiv-1902.10565::select_transformer_ladder"", ""arxiv-1902.10565::scale_up""]",,ba7917a,worker,False,Reconciled 2026-09-04 per results/ktg/paper_1902.10565/evidence/decomposition/dag_reconciliation.md. Discharged by the ladder decision node.,brain reformulation,7fe8814adbaeda53a6e670c8aa79cedca06f400dd6d1a3f80a892bc83987b54f,,"[""code_lightvector-KataGo""]",select_transformer_ladder,,,,,,,,,,,,,,,,,,,,,,,
2026-09-04T02:48:14.800772+00:00,arxiv-1902.10565,o10_random_net_bootstrap,obligation,discharged,"Cycle-1 bootstrap decided and recorded: empty models/ makes selfplay play the built-in random net into selfplay/random/ (loadmodel.cpp:77-78) and the gatekeeper gates the first candidate AGAINST that random baseline (findLatestModel returns true with /dev/null, loadmodel.cpp:93; setup.cpp:126) — it does not skip; the random bootstrap is accepted (assumption a10) and the shuffler caps random rows at min_rows (shuffle.py:1077).",,,arxiv-1902.10565::gating_rule,"[""arxiv-1902.10565::synchronous_loop_smoke"", ""arxiv-1902.10565::gating_rule""]",,ba7917a,worker,False,Reconciled 2026-09-04 per results/ktg/paper_1902.10565/evidence/decomposition/dag_reconciliation.md. Corrected: the prior statement's 'gatekeeper skips gating when accepted-models-dir is empty (gatekeeper.cpp:399-402)' was wrong — that branch is unreachable. Runtime confirmation is obligation o19.,brain reformulation,c1fcc8d9bb8df022efed7b51bea48de784c52693bd6786eae0059c888731c2bd,,"[""code_lightvector-KataGo""]",synchronous_loop_smoke,,,,,,,,,,,,,,,,,,,,,,,
2026-09-04T02:48:14.863173+00:00,arxiv-1902.10565,o14_gpool_in_transformer,obligation,discharged,Record from model_pytorch.py whether b7c96h3tfrs still contains global-pooling bias blocks or gpool heads and whether their board-size channels are used at pos_len 9 (constant -0.5 / 0.15 factors on a single board size).,,,arxiv-1902.10565::head_gpool_degeneracy_9x9,"[""arxiv-1902.10565::transformer_trunk_b7c96h3tfrs"", ""arxiv-1902.10565::head_gpool_degeneracy_9x9""]",,ba7917a,worker,False,Reconciled 2026-09-04 per results/ktg/paper_1902.10565/evidence/decomposition/dag_reconciliation.md. Re-attached from the superseded b5 node to the b7 node; content unchanged (trunk has no gpool; heads keep it).,brain decomposition,533c9ef38c8b802bdca4becfb20bc6158072aeed88648edc71e384917143e60d,,"[""code_lightvector-KataGo""]",paper_code_map,,,,,,,,,,,,,,,,,,,,,,,
2026-09-04T02:48:14.915806+00:00,arxiv-1902.10565,o16_usegating_decision,obligation,discharged,"USEGATING decided and recorded: USEGATING = 1 throughout smoke and production (gating each candidate against the latest accepted net, cycle 1 against the random baseline, costs 200 games x 150 visits per candidate; one candidate per cycle via -epochs-per-export); USEGATING = 0 for the first export is optional and not used.",,,arxiv-1902.10565::gating_rule,"[""arxiv-1902.10565::gatekeeper_stage"", ""arxiv-1902.10565::eval_improvement"", ""arxiv-1902.10565::bootstrap_accepted_model""]",,ba7917a,worker,False,Reconciled 2026-09-04 per results/ktg/paper_1902.10565/evidence/decomposition/dag_reconciliation.md. Decision recorded in DESIGN.md section 9; rests on the random-baseline fact of gating_rule.,brain reformulation,258b402e22195a700b7b29856f9fc1563a772563519d48b48b6af011d316b318,,"[""code_lightvector-KataGo""]",gatekeeper_stage,,,,,,,,,,,,,,,,,,,,,,,
2026-09-04T02:48:14.961907+00:00,arxiv-1902.10565,o19_random_baseline_gate_observed,obligation,open,The smoke cycle's gatekeeper log shows the first candidate being gated against the random-play baseline (accepted net loaded from /dev/null / name 'random') and ends with a 'Candidate won match' or 'Candidate lost match' line; grep both lines into the smoke audit.,,,,"[""arxiv-1902.10565::synchronous_loop_smoke"", ""arxiv-1902.10565::gating_rule""]",,ba7917a,worker,False,Reconciled 2026-09-04 per results/ktg/paper_1902.10565/evidence/decomposition/dag_reconciliation.md. Runtime confirmation of the code-read gating_rule amendment; promotes gating_rule.,worker synchronous_loop_smoke,1d532822fb58b78f397e3bcdfc8ded33b6265d6f9ef0dffdaaca0e8dee9a2cc2,,"[""code_lightvector-KataGo""]",synchronous_loop_smoke,,,,,,,,,,,,,,,,,,,,,,,
2026-09-04T02:48:15.008945+00:00,arxiv-1902.10565,o20_tcmalloc_rss,obligation,open,The executed build has no -DUSE_TCMALLOC (ldd katago | grep -c tcmalloc = 0) although Compiling.md:39 recommends TCMalloc for self-play with many game threads (glibc fragmentation); record selfplay MaxRSS per cycle (sstat -j <id> -o MaxRSS) during the smoke and first production cycles and rebuild with TCMalloc only if RSS grows across cycles.,,,,"[""arxiv-1902.10565::env_build"", ""arxiv-1902.10565::selfplay_stage""]",,ba7917a,worker,False,Reconciled 2026-09-04 per results/ktg/paper_1902.10565/evidence/decomposition/dag_reconciliation.md. From seat A section 4.8 / pass 2 build options.,worker selfplay_stage,8a024d5ace1827503df185754c4d5319db72c35e7a44b224960c0789e28806be,,"[""code_lightvector-KataGo""]",env_build,,,,,,,,,,,,,,,,,,,,,,,
2026-09-04T02:48:15.073539+00:00,arxiv-1902.10565,o21_exclude_qvalues_compat,obligation,open,"Decide shuffle.py -exclude-qvalues (shuffle.py:801) for b7c96h3tfrs (no predict_q_values): confirm train.py / data_processing_pytorch.py accept npz without qValueTargetsNCMove (data_processing_pytorch.py:84-86) through one epoch, or leave the flag off and keep the 492 B/row of zero q targets.",,,,"[""arxiv-1902.10565::shuffle_stage"", ""arxiv-1902.10565::train_stage""]",,ba7917a,worker,False,Reconciled 2026-09-04 per results/ktg/paper_1902.10565/evidence/decomposition/dag_reconciliation.md. From pass 2 / seat A section 4.4.,worker shuffle_stage,b5f533cc62cdde4442a7e67419cca5a469ddd131f7b975f5dde25c344c698713,,"[""code_lightvector-KataGo""]",shuffle_stage,,,,,,,,,,,,,,,,,,,,,,,
2026-09-04T02:48:15.137314+00:00,arxiv-1902.10565,o22_cpu_policy_scope,obligation,open,"Confirm with the human whether the 20 % CPU policy (24 CPUs) is per job or summed over the user's concurrent jobs; the compute-budget check.sh sums squeue -u $USER CPUs, so the design assumes the SUM (assumption a11) and runs one job at a time; a second concurrent job (e.g. a match while the loop runs) needs the answer first.",,,,"[""arxiv-1902.10565::loop_resume_under_walltime"", ""arxiv-1902.10565::match_latest_against_first""]",,ba7917a,worker,False,Reconciled 2026-09-04 per results/ktg/paper_1902.10565/evidence/decomposition/dag_reconciliation.md. DESIGN.md section 1 [HOLE].,human,cd1299895cebbe152916d463753864157917672bb1cd34c3696d7797ba104b72,,"[""code_lightvector-KataGo""]",loop_resume_under_walltime,,,,,,,,,,,,,,,,,,,,,,,
2026-09-04T02:48:15.202300+00:00,arxiv-1902.10565,o23_ffn_negative_fixture,obligation,open,"Controlled re-run on ONE patched binary: export random-init b5c48h3tfr and b7c96h3tfrs with the same command, run the identical benchmarknn/gtp on both; b5 must reproduce exactly 'Non-SwiGLU transformer FFN is not yet supported in CUDA backend' with non-zero exit, b7 must exit 0 — closes the two-variable confound of jobs 297952 (unpatched arch list + b5) vs 298018 (patched + b7).",,,,"[""arxiv-1902.10565::tiny_model_export_smoke"", ""arxiv-1902.10565::engine_ffn_swiglu_constraint""]",,ba7917a,worker,False,"Reconciled 2026-09-04 per results/ktg/paper_1902.10565/evidence/decomposition/dag_reconciliation.md. From seat B section 2.2; the cause is already isolated by the throw site (construction-time), so this is confirmatory, not blocking.",worker tiny_model_export_smoke,ccaea7212cf9ae0b434bb8649dd2d89a38fdf33d9e1192e65d1b2b72dd73ce40,,"[""code_lightvector-KataGo""]",tiny_model_export_smoke,,,,,,,,,,,,,,,,,,,,,,,
2026-09-04T02:48:15.264000+00:00,arxiv-1902.10565,o24_cycle_knobs_derived,obligation,open,"Before the first production cycle: derive NUM_GAMES_PER_CYCLE, SHUFFLE_MINROWS, SHUFFLE_KEEPROWS, TAPER_WINDOW_SCALE, NUM_TRAIN_SAMPLES_PER_EPOCH, MAX_TRAIN_SAMPLES_PER_CYCLE, -epochs-per-export / -max-epochs-this-instance from the measured rows/game so that games x rows_per_game x MAX_TRAIN_PER_DATA >= 0.99 x samples_per_epoch (train.py:1256-1259,1433-1445), KEEPROWS > MAX_TRAIN_SAMPLES_PER_CYCLE (synchronous_loop.sh:66), and exactly one candidate is exported per cycle; record the derivation output as evidence.",,,,"[""arxiv-1902.10565::derive_cycle_knobs_9x9"", ""arxiv-1902.10565::selfplay_stage"", ""arxiv-1902.10565::train_stage""]",,ba7917a,worker,True,Reconciled 2026-09-04 per results/ktg/paper_1902.10565/evidence/decomposition/dag_reconciliation.md. From seat A section 2.2 / 4.4: pass 2's pilot knobs starve training from cycle 2; pass 1's export up to 4 gated candidates per cycle.,worker derive_cycle_knobs_9x9,78763a11c5ce779bb4119419eed0bc873810b9d954634c07db89cb682276cb7d,,"[""code_lightvector-KataGo""]",derive_cycle_knobs_9x9,,,,,,,,,,,,,,,,,,,,,,,
2026-09-04T02:48:15.314728+00:00,arxiv-1902.10565,a02_gpu_cap_start_at_1,assumption,active,"At most 4 GPUs total across all running jobs; the design runs one job on 1 GPU (b200 free 2/128, b300 0/8 on 2026-09-03; a 2-GPU request projected a multi-week wait) and adds GPUs only through async_multi_gpu_layout after measure_stage_throughput shows single-GPU saturation (duty > 70 %).",,,,"[""arxiv-1902.10565::selfplay_stage"", ""arxiv-1902.10565::scale_up"", ""arxiv-1902.10565::async_multi_gpu_layout""]",,ba7917a,worker,,Reconciled 2026-09-04 per results/ktg/paper_1902.10565/evidence/decomposition/dag_reconciliation.md. Amended: the second GPU is no longer tied to eval_improvement.,,c97e5745238fbae62580b61550ad16b18ce6093ca9449bc17c42c7c1e078a9b2,compute allocation,"[""code_lightvector-KataGo""]",,,,,,,,,,,,,,,,,,,,,,,,
2026-09-04T02:48:15.363698+00:00,arxiv-1902.10565,a10_random_bootstrap_ok,assumption,active,Cycle-1 self-play with the built-in random net (empty models/) is an acceptable bootstrap; the first exported candidate is gated against that random baseline (USEGATING = 1) and becomes the frozen first net if it wins; random-play rows are capped at min_rows by the shuffler (shuffle.py:1077) so they cannot flood the window.,,,,"[""arxiv-1902.10565::synchronous_loop_smoke"", ""arxiv-1902.10565::gatekeeper_stage"", ""arxiv-1902.10565::bootstrap_accepted_model""]",,ba7917a,worker,,Reconciled 2026-09-04 per results/ktg/paper_1902.10565/evidence/decomposition/dag_reconciliation.md. Amended with the gating-vs-random and random-row-cap facts.,,9748f0ac53c0e122b0f4f2a5bd137c0dc23908e7d7f160457a85cb2e190190e0,bootstrap,"[""code_lightvector-KataGo""]",,,,,,,,,,,,,,,,,,,,,,,,
2026-09-04T02:48:15.408892+00:00,arxiv-1902.10565,a11_cpu_policy_summed,assumption,active,"The 20 % CPU policy (24 of 124 schedulable CPUs) applies to the SUM over the user's concurrent jobs (the compute-budget check.sh sums squeue -u $USER), so the mission runs exactly one compute job at a time; concurrent evaluation jobs wait for the loop job or for the human's answer (o22).",,,,"[""arxiv-1902.10565::loop_resume_under_walltime"", ""arxiv-1902.10565::match_latest_against_first""]",,ba7917a,worker,,Reconciled 2026-09-04 per results/ktg/paper_1902.10565/evidence/decomposition/dag_reconciliation.md. New; DESIGN.md section 1 [HOLE] made explicit.,,29d2806914076938eaed0cbaab99705c283a1a11c97e886ce49511741d041776,compute policy,"[""code_lightvector-KataGo""]",,,,,,,,,,,,,,,,,,,,,,,,
2026-09-04T03:56:29.244593+00:00,arxiv-1902.10565,o04_scratch_budget,obligation,open,"Before the first smoke cycle: record python3 /apps/helpers/quotas.py; the loop wrapper calls codes/data_budget/scratch_guard.sh before every cycle and aborts on any non-zero exit, so the whole mission root stays under a 500 GiB (536870912000 B) hard cap - a cycle declaring the bytes it will write is refused when du -sb plus that projection would cross the cap - and no cycle starts when group scratch free space is below 1 TiB (1099511627776 B); a du -sb / df -B1 / quota triple is logged per cycle; retention is bounded by a logged policy that protects the frozen baseline, latest accepted net, current+previous checkpoints and evidence (longterm_checkpoints <= 6, rejectedmodels <= 10, stale shuffleddata/*.tmp removed, and a rolling mode that never drops below one shuffle window plus one selfplay generation).",,,,"[""arxiv-1902.10565::data_budget"", ""arxiv-1902.10565::loop_resume_under_walltime""]",,befb3b1,worker,True,"Amends the 2026-09-04 row (hash b77b5e5f8c35cbf112cd126893c30499e3b287e12f5b432963f8bd5dcab1b191), which still stated the superseded 200 GiB cap / 180 GiB guard; propagates mission.json decisions[] 2026-09-03 'scratch budget for selfplay data + checkpoints = 500 GiB'. Status stays open, not discharged: the obligation status vocabulary has no in_progress state (see error-ledger iteration 5 under node data_budget), discharged_by is REQUIRED and checked to exist and no result row exists yet, and conjunct (b) is unmet - codes/loop/loop.sbatch:74-75 still carries its own inline literals 214748364800 / 193273528320 and must be changed by its owning node loop_resume_under_walltime to call scratch_guard.sh. Landed so far, verified: the guard (11/11 exit-code contract, evidence/data_budget/guard_exit_contract.txt), the retention policy (evidence/data_budget/retention_synthetic_test.txt), the quota record and closing measurement (evidence/data_budget/baseline_usage.txt, closing_measurement.txt). Discharge is the validator's append once the result row lands.",worker data_budget,75487068415b01fa5cdc98ec9af8be39c61235388eaf682cdf847a3d14bb4259,,"[""code_lightvector-KataGo""]",data_budget,,,,,,,,,,,,,,,,,,,,,,,
2026-09-04T03:56:29.297634+00:00,arxiv-1902.10565,c11_scratch_budget,claim,open,"The whole mission root /scratch/schmidt/ssci-anima/ssci-haiyangw/ktg-train (venv + build + loop data) stays <= 500 GiB = 536870912000 B for the whole run, no cycle starts whose declared projected write would cross that cap or while group scratch free space is below 1 TiB = 1099511627776 B, one du -sb / df -B1 / quota triple is logged per cycle, and checkpoints are bounded to <= 4 short-term + <= 6 long-term with rejectedmodels <= 10.",empirical_measurement,,,"[""arxiv-1902.10565::data_budget"", ""arxiv-1902.10565::loop_resume_under_walltime""]","[""arxiv-1902.10565::data_budget"", ""arxiv-1902.10565::loop_resume_under_walltime""]",befb3b1,worker,,"Amends the 2026-09-04 row, which stated the superseded 200 GiB / 180 GiB thresholds, to mission.json decisions[] 2026-09-03. Status unchanged (open): the claim is about the whole run and only closes with cycle logs. Amended alongside o04 because leaving the settling claim at 200 GiB while its obligation says 500 GiB would leave the two ledgers contradicting each other; flagged in the worker report as an addition to the three entries the coordinator named.",,fe00ff5cb343a77b1dc32d310a5b6168d6fcdb0c6ab7ecfa7344b6d337e47cf5,,"[""code_lightvector-KataGo""]",data_budget,,,,,,,,,,,,,,,,,,,,,,,
2026-09-04T03:56:29.344307+00:00,arxiv-1902.10565,o22_cpu_policy_scope,obligation,waived,"Confirm with the human whether the 20 % CPU policy (24 CPUs) is per job or summed over the user's concurrent jobs; the compute-budget check.sh sums squeue -u $USER CPUs, so the design assumes the SUM (assumption a11) and runs one job at a time; a second concurrent job (e.g. a match while the loop runs) needs the answer first.",,,,"[""arxiv-1902.10565::loop_resume_under_walltime"", ""arxiv-1902.10565::match_latest_against_first""]",,befb3b1,worker,False,"Waived - human decision 2026-09-03: no CPU usage limit. Recorded in mission.json decisions[] as 'no CPU usage limit; the 20 % clause in PROMPT.md is withdrawn', affecting compute.cpuCapPerJob, obligation o22, assumption a11 and the DESIGN.md thread budgets; mission.json compute.cpuPolicy reads 'no CPU usage limit (human decision 2026-09-03); jobs still declare --cpus-per-task honestly'. The per-job-vs-summed question the obligation asks is moot once there is no cap, so there is nothing left to confirm. Amends the 2026-09-04 row (hash cd1299895cebbe152916d463753864157917672bb1cd34c3696d7797ba104b72). Jobs still declare --cpus-per-task honestly; that is a separate discipline, not this obligation.",human,8dc2879846588246a97ad57f3e1adfe0fcb16cfdcab71c000eeee86322b6efbb,,"[""code_lightvector-KataGo""]",data_budget,,,,,,,,,,,,,,,,,,,,,,,
2026-09-04T03:56:29.397735+00:00,arxiv-1902.10565,a11_cpu_policy_summed,assumption,retired,"The 20 % CPU policy (24 of 124 schedulable CPUs) applies to the SUM over the user's concurrent jobs (the compute-budget check.sh sums squeue -u $USER), so the mission runs exactly one compute job at a time; concurrent evaluation jobs wait for the loop job or for the human's answer (o22).",,,,"[""arxiv-1902.10565::loop_resume_under_walltime"", ""arxiv-1902.10565::match_latest_against_first""]",,befb3b1,worker,,"Retired - human decision 2026-09-03: no CPU usage limit. The assumption existed only to fix the reading of a 20 % cap that has been withdrawn (mission.json decisions[]), so it is retired rather than relaxed: no reduction_obligation is owed because nothing downstream now rests on a cap of any size. Amends the 2026-09-04 row (hash 29d2806914076938eaed0cbaab99705c283a1a11c97e886ce49511741d041776). The GPU cap of 4 and the b200/b300 partition restriction are unaffected and remain enforced by .claude/skills/compute-budget/check.sh.",,11bb2fb6bae603344a236d0b8cade8c9e1c3337d56f3d53bfd6a3860a5535d10,compute policy,"[""code_lightvector-KataGo""]",data_budget,,,,,,,,,,,,,,,,,,,,,,,
